MesActual,MesPlan,FechaCorte,IdCategoria,Categoria,Subcategoria,Escenario,TipoForecast,TipoForecastAntes,Flexibilidad,EsEsencial,GastoActualMTD,GastoAnteriorMismoPeriodo,GastoMesAnteriorCompleto,PromedioHistorico,MedianaHistorica,BaselineHistorico,VariacionMismoPeriodoPct,ProyeccionCierreMesActual,ForecastProximoMes,PresupuestoBaseForecastUSD,FactorEscenario,FactorRealistic,FactorAggressive,FloorUSD,CapUSD,PresupuestoSugeridoUSD,PresupuestoManualUSD,PresupuestoFinalUSD,AjusteEscenarioUSD,MetodoPrediccion,ConfianzaPrediccion,ConfidenceScore,ConfidenceReason
2026-10-01,2026-11-01,2026-10-03,1010f7c4a900,Transporte,Transporte público,CURRENT,FIXED,FIXED,NONE,1,0.0,0.0,2.14,1.59,1.34,2.14,,2.14,2.14,2.14,1.0,1.0,1.0,0.0,,2.14,,2.14,0.0,FIXED_LAST_MEDIAN_BUDGET,MEDIUM,4,"MEDIUM: 3 meses historicos, 3 meses activos, baja dispersion, sin comparable MTD previo"
2026-10-01,2026-11-01,2026-10-03,838f43099b97,Deuda / CASHEA,Cuota existente,CURRENT,DEBT,DEBT,NONE,1,0.0,0.0,485.52,265.84,200.42,485.52,,485.52,485.52,485.52,1.0,1.0,1.0,0.0,,485.52,,485.52,0.0,DEBT_OBLIGATION_BUDGET_HISTORY,MEDIUM,3,"MEDIUM: 3 meses historicos, 3 meses activos, alta dispersion, sin comparable MTD previo"
2026-10-01,2026-11-01,2026-10-03,e07d78f4e84b,Salud,Tratamientos,CURRENT,SPARSE,SPARSE,HIGH,0,0.0,0.0,24.05,21.32,24.05,24.05,,0.0,21.32,21.32,1.0,0.8,0.6,0.0,,21.32,,21.32,0.0,SPARSE_FREQUENCY_ACTIVE_MEDIAN,MEDIUM,3,"MEDIUM: 3 meses historicos, 2 meses activos, alta dispersion, sin comparable MTD previo"
2026-10-01,2026-11-01,2026-10-03,a27846f51f88,Impuestos y Finanzas,Comisiones bancarias,CURRENT,VARIABLE,VARIABLE,MEDIUM,0,0.55,1.46,6.87,5.4,6.87,7.43,-62.33,6.67,7.11,7.11,1.0,0.9,0.8,0.0,,7.11,,7.11,0.0,VARIABLE_SHRINKAGE_K10,MEDIUM,4,"MEDIUM: 3 meses historicos, 3 meses activos, alta dispersion, comparable MTD previo"
2026-10-01,2026-11-01,2026-10-03,875fba7cfcd9,Vestimenta,Ropa,CURRENT,SPARSE,SPARSE,HIGH,0,0.0,0.0,19.59,20.8,19.59,20.8,,0.0,20.8,20.8,1.0,0.7,0.0,0.0,,20.8,,20.8,0.0,SPARSE_FREQUENCY_ACTIVE_MEDIAN,MEDIUM,3,"MEDIUM: 3 meses historicos, 2 meses activos, alta dispersion, sin comparable MTD previo"
2026-10-01,2026-11-01,2026-10-03,35dda595e5c0,Gastos Mayores,Tecnología,CURRENT,VARIABLE,VARIABLE,MEDIUM,0,0.0,0.0,0.0,7.32,4.97,7.32,,5.63,6.0,6.0,1.0,0.9,0.8,0.0,,6.0,,6.0,0.0,VARIABLE_SHRINKAGE_K10,MEDIUM,3,"MEDIUM: 3 meses historicos, 2 meses activos, alta dispersion, sin comparable MTD previo"
2026-10-01,2026-11-01,2026-10-03,4924969958fc,Gastos Anilet,Gastos Anilet,CURRENT,FIXED,FIXED,NONE,1,0.0,0.0,18.59,16.27,16.45,18.59,,18.59,18.59,18.59,1.0,1.0,1.0,0.0,,18.59,,18.59,0.0,FIXED_LAST_MEDIAN_BUDGET,MEDIUM,4,"MEDIUM: 3 meses historicos, 3 meses activos, baja dispersion, sin comparable MTD previo"
2026-10-01,2026-11-01,2026-10-03,df2a9c513115,Alimentación,Mercado,CURRENT,VARIABLE,VARIABLE,MEDIUM,0,111.94,0.0,123.45,197.49,229.66,239.35,,451.05,301.85,301.85,1.0,0.9,0.8,0.0,,301.85,,301.85,0.0,VARIABLE_SHRINKAGE_K10,MEDIUM,4,"MEDIUM: 3 meses historicos, 3 meses activos, baja dispersion, sin comparable MTD previo"
2026-10-01,2026-11-01,2026-10-03,a060915d2500,Casa,Internet y Teléfono,CURRENT,VARIABLE,VARIABLE,MEDIUM,0,0.0,0.0,37.21,28.78,37.21,40.69,,31.3,37.06,37.06,1.0,0.9,0.8,0.0,,37.06,,37.06,0.0,VARIABLE_SHRINKAGE_K10,MEDIUM,3,"MEDIUM: 3 meses historicos, 3 meses activos, alta dispersion, sin comparable MTD previo"
2026-10-01,2026-11-01,2026-10-03,ea6a91937407,Envíos Nacionales,Envíos Nacionales,CURRENT,SPARSE,SPARSE,HIGH,0,0.0,0.0,0.0,1.09,0.0,1.09,,0.0,1.09,1.09,1.0,0.8,0.6,0.0,,1.09,,1.09,0.0,SPARSE_FREQUENCY_ACTIVE_MEDIAN,LOW,2,"LOW: 3 meses historicos, 1 mes(es) activo(s), alta dispersion, sin comparable MTD previo"
2026-10-01,2026-11-01,2026-10-03,2678ad9576fd,Entretenimiento,Entretenimiento,CURRENT,SPARSE,SPARSE,HIGH,0,0.0,0.0,0.0,4.61,0.0,4.61,,0.0,4.61,4.61,1.0,0.8,0.6,0.0,,4.61,,4.61,0.0,SPARSE_FREQUENCY_ACTIVE_MEDIAN,LOW,2,"LOW: 3 meses historicos, 1 mes(es) activo(s), alta dispersion, sin comparable MTD previo"
2026-10-01,2026-11-01,2026-10-03,58497dc00edc,Gastos Mayores,Gastos Mayores,CURRENT,SPARSE,SPARSE,HIGH,0,0.0,0.0,0.0,0.1,0.0,0.1,,0.0,0.1,0.1,1.0,0.8,0.6,0.0,,0.1,,0.1,0.0,SPARSE_FREQUENCY_ACTIVE_MEDIAN,LOW,2,"LOW: 3 meses historicos, 1 mes(es) activo(s), alta dispersion, sin comparable MTD previo"
2026-10-01,2026-11-01,2026-10-03,fae09f19e81c,Comida rapida,Comida rapida,CURRENT,VARIABLE,VARIABLE,MEDIUM,0,0.0,0.0,0.0,4.92,6.33,8.44,,6.49,6.91,6.91,1.0,0.9,0.8,0.0,,6.91,,6.91,0.0,VARIABLE_SHRINKAGE_K10,MEDIUM,3,"MEDIUM: 3 meses historicos, 2 meses activos, alta dispersion, sin comparable MTD previo"
2026-10-01,2026-11-01,2026-10-03,04850e7d0477,Salud,Medicinas,CURRENT,SPARSE,SPARSE,MEDIUM,1,0.0,0.0,0.0,0.47,0.69,0.69,,0.0,0.47,0.47,1.0,0.8,0.75,0.0,,0.47,,0.47,0.0,SPARSE_FREQUENCY_ACTIVE_MEDIAN,MEDIUM,3,"MEDIUM: 3 meses historicos, 2 meses activos, alta dispersion, sin comparable MTD previo"
2026-10-01,2026-11-01,2026-10-03,cdeaa858d23e,Comisiones,Pago móvil,CURRENT,VARIABLE,SPARSE,LOW,1,0.0,0.0,0.0,0.0,0.0,0.0,,0.0,0.0,0.0,0.0,0.95,0.9,0.0,,0.0,,0.0,0.0,VARIABLE_SHRINKAGE_K10,LOW,2,"LOW: 3 meses historicos, 1 mes(es) activo(s), alta dispersion, sin comparable MTD previo"
2026-10-01,2026-11-01,2026-10-03,e87c095d3110,Salud,Salud,CURRENT,SPARSE,SPARSE,HIGH,0,0.0,0.0,0.0,0.15,0.0,0.15,,0.0,0.15,0.15,1.0,0.8,0.6,0.0,,0.15,,0.15,0.0,SPARSE_FREQUENCY_ACTIVE_MEDIAN,LOW,2,"LOW: 3 meses historicos, 1 mes(es) activo(s), alta dispersion, sin comparable MTD previo"
2026-10-01,2026-11-01,2026-10-03,3b87de5f1ff5,Trabajo / Trámites,Mensajería / Traslado de documentos,CURRENT,SPARSE,SPARSE,MEDIUM,0,0.0,0.0,0.0,0.76,0.0,0.76,,0.0,0.76,0.76,1.0,0.7,0.6,0.0,,0.76,,0.76,0.0,SPARSE_FREQUENCY_ACTIVE_MEDIAN,LOW,2,"LOW: 3 meses historicos, 1 mes(es) activo(s), alta dispersion, sin comparable MTD previo"
2026-10-01,2026-11-01,2026-10-03,c5b2860a1b1e,Entretenimiento,Eventos y Salidas,CURRENT,VARIABLE,VARIABLE,MEDIUM,0,0.0,0.0,0.0,3.17,2.0,3.17,,2.44,2.59,2.59,1.0,0.9,0.8,0.0,,2.59,,2.59,0.0,VARIABLE_SHRINKAGE_K10,MEDIUM,3,"MEDIUM: 3 meses historicos, 2 meses activos, alta dispersion, sin comparable MTD previo"
2026-10-01,2026-11-01,2026-10-03,9485450e1f0d,Alimentación,Snacks,CURRENT,VARIABLE,VARIABLE,MEDIUM,0,0.0,0.0,4.48,9.09,6.89,9.09,,6.99,7.89,7.89,1.0,0.9,0.8,0.0,,7.89,,7.89,0.0,VARIABLE_SHRINKAGE_K10,MEDIUM,3,"MEDIUM: 3 meses historicos, 3 meses activos, alta dispersion, sin comparable MTD previo"
2026-10-01,2026-11-01,2026-10-03,57aa1b426750,Movilidad,Envío / Mandado personal,CURRENT,SPARSE,VARIABLE,HIGH,0,0.0,0.0,0.0,0.66,0.0,0.66,,0.0,0.66,0.66,1.0,0.7,0.5,0.0,,0.66,,0.66,0.0,SPARSE_FREQUENCY_ACTIVE_MEDIAN,LOW,2,"LOW: 3 meses historicos, 1 mes(es) activo(s), alta dispersion, sin comparable MTD previo"
2026-10-01,2026-11-01,2026-10-03,077d0ed217c4,Alimentación,Delivery,CURRENT,VARIABLE,VARIABLE,MEDIUM,0,0.0,0.0,9.32,9.09,9.32,16.07,,12.36,14.1,14.1,1.0,0.9,0.8,0.0,,14.1,,14.1,0.0,VARIABLE_SHRINKAGE_K10,MEDIUM,3,"MEDIUM: 3 meses historicos, 3 meses activos, alta dispersion, sin comparable MTD previo"
2026-10-01,2026-11-01,2026-10-03,aa0d86fff83b,Alimentación,Snacks / Antojos,CURRENT,VARIABLE,VARIABLE,HIGH,0,0.0,0.0,0.0,4.28,1.34,11.51,,8.85,9.43,9.43,1.0,0.85,0.65,0.0,,9.43,,9.43,0.0,VARIABLE_SHRINKAGE_K10,MEDIUM,3,"MEDIUM: 3 meses historicos, 2 meses activos, alta dispersion, sin comparable MTD previo"
2026-10-01,2026-11-01,2026-10-03,5d0a9aae4767,Movilidad,Traslado personal,CURRENT,VARIABLE,VARIABLE,LOW,1,0.0,0.0,2.61,8.59,4.34,18.83,,14.48,15.69,15.69,1.0,0.95,0.9,0.0,,15.69,,15.69,0.0,VARIABLE_SHRINKAGE_K10,MEDIUM,3,"MEDIUM: 3 meses historicos, 3 meses activos, alta dispersion, sin comparable MTD previo"
2026-10-01,2026-11-01,2026-10-03,3278ef5ecc17,Alimentación,Comida a domicilio,CURRENT,VARIABLE,VARIABLE,HIGH,0,0.0,0.0,11.87,4.96,3.0,11.87,,9.13,10.91,10.91,1.0,0.85,0.65,0.0,,10.91,,10.91,0.0,VARIABLE_SHRINKAGE_K10,MEDIUM,3,"MEDIUM: 3 meses historicos, 2 meses activos, alta dispersion, sin comparable MTD previo"
2026-10-01,2026-11-01,2026-10-03,54951bc2167e,Entretenimiento,Suscripciones,CURRENT,FIXED,FIXED,NONE,1,0.0,0.0,25.78,25.52,25.78,25.79,,25.79,25.79,25.79,1.0,1.0,1.0,0.0,,25.79,,25.79,0.0,FIXED_LAST_MEDIAN_BUDGET,MEDIUM,4,"MEDIUM: 3 meses historicos, 3 meses activos, baja dispersion, sin comparable MTD previo"
2026-10-01,2026-11-01,2026-10-03,4da1cb0ca232,Hotel,Hotel,CURRENT,VARIABLE,VARIABLE,MEDIUM,0,0.0,0.0,13.84,13.84,13.84,27.68,,21.29,24.06,24.06,1.0,0.9,0.8,0.0,,24.06,,24.06,0.0,VARIABLE_SHRINKAGE_K10,MEDIUM,3,"MEDIUM: 3 meses historicos, 2 meses activos, alta dispersion, sin comparable MTD previo"
2026-10-01,2026-11-01,2026-10-03,493785f1ef4c,Deuda / CASHEA,Ropa,CURRENT,DEBT,DEBT,NONE,1,0.0,0.0,3.3,9.43,3.3,24.99,,24.99,24.99,24.99,1.0,1.0,1.0,0.0,,24.99,,24.99,0.0,DEBT_OBLIGATION_BUDGET_HISTORY,MEDIUM,3,"MEDIUM: 3 meses historicos, 2 meses activos, alta dispersion, sin comparable MTD previo"
2026-10-01,2026-11-01,2026-10-03,7c5966d9bcf6,Bienestar,Peluquería,CURRENT,SPARSE,SPARSE,HIGH,0,0.0,0.0,0.0,3.67,0.0,11.0,,0.0,3.85,3.85,1.0,0.8,0.6,0.0,,3.85,,3.85,0.0,SPARSE_FREQUENCY_ACTIVE_MEDIAN,LOW,2,"LOW: 3 meses historicos, 1 mes(es) activo(s), alta dispersion, sin comparable MTD previo"
2026-10-01,2026-11-01,2026-10-03,b633720fbd59,Alimentación,Café y Bebidas,CURRENT,VARIABLE,VARIABLE,MEDIUM,0,0.0,0.0,3.41,5.44,3.41,12.91,,9.93,10.92,10.92,1.0,0.9,0.8,0.0,,10.92,,10.92,0.0,VARIABLE_SHRINKAGE_K10,MEDIUM,3,"MEDIUM: 3 meses historicos, 2 meses activos, alta dispersion, sin comparable MTD previo"
2026-10-01,2026-11-01,2026-10-03,bda26f4d773c,Gastos Apps Internacionales,Gastos Apps Internacionales,CURRENT,SPARSE,SPARSE,HIGH,0,0.0,0.0,0.0,3.34,0.0,10.01,,0.0,3.5,3.5,1.0,0.8,0.6,0.0,,3.5,,3.5,0.0,SPARSE_FREQUENCY_ACTIVE_MEDIAN,LOW,2,"LOW: 3 meses historicos, 1 mes(es) activo(s), alta dispersion, sin comparable MTD previo"
2026-10-01,2026-11-01,2026-10-03,b992785e1799,Casa,Casa,CURRENT,VARIABLE,VARIABLE,MEDIUM,0,0.0,4.27,12.94,8.03,11.16,12.94,-100.0,10.48,12.08,12.08,1.0,0.9,0.8,0.0,,12.08,,12.08,0.0,VARIABLE_SHRINKAGE_K10,MEDIUM,4,"MEDIUM: 3 meses historicos, 2 meses activos, alta dispersion, comparable MTD previo"
2026-10-01,2026-11-01,2026-10-03,54635eebe66f,Alimentación,Comer fuera,CURRENT,SPARSE,VARIABLE,HIGH,0,0.0,0.0,46.78,23.13,22.61,46.78,,0.0,23.13,23.13,1.0,0.85,0.65,0.0,,23.13,,23.13,0.0,SPARSE_FREQUENCY_ACTIVE_MEDIAN,MEDIUM,3,"MEDIUM: 3 meses historicos, 2 meses activos, alta dispersion, sin comparable MTD previo"
2026-10-01,2026-11-01,2026-10-03,9e890e783130,Transporte,Taxis,CURRENT,VARIABLE,VARIABLE,MEDIUM,0,8.03,0.37,32.63,12.06,3.55,32.63,2070.27,42.96,36.24,36.24,1.0,0.9,0.8,0.0,,36.24,,36.24,0.0,VARIABLE_SHRINKAGE_K10,MEDIUM,4,"MEDIUM: 3 meses historicos, 2 meses activos, alta dispersion, comparable MTD previo"
2026-10-01,2026-11-01,2026-10-03,cd63968cbd6f,Gastos de Trabajo,Logística laboral,CURRENT,SPARSE,SPARSE,HIGH,0,0.0,0.0,0.0,13.92,0.0,41.76,,0.0,14.62,14.62,1.0,0.8,0.6,0.0,,14.62,,14.62,0.0,SPARSE_FREQUENCY_ACTIVE_MEDIAN,LOW,2,"LOW: 3 meses historicos, 1 mes(es) activo(s), alta dispersion, sin comparable MTD previo"
2026-10-01,2026-11-01,2026-10-03,8c6fc0971227,Alimentación,Panes y Postres,CURRENT,VARIABLE,VARIABLE,MEDIUM,0,0.0,0.0,7.45,2.48,0.0,7.45,,5.73,6.85,6.85,1.0,0.9,0.8,0.0,,6.85,,6.85,0.0,VARIABLE_SHRINKAGE_K10,LOW,2,"LOW: 3 meses historicos, 1 mes(es) activo(s), alta dispersion, sin comparable MTD previo"
2026-10-01,2026-11-01,2026-10-03,a59a886338a8,Salud,Farmacia,CURRENT,SPARSE,SPARSE,HIGH,0,0.0,0.0,11.84,3.95,0.0,11.84,,0.0,3.95,3.95,1.0,0.8,0.6,0.0,,3.95,,3.95,0.0,SPARSE_FREQUENCY_ACTIVE_MEDIAN,LOW,2,"LOW: 3 meses historicos, 1 mes(es) activo(s), alta dispersion, sin comparable MTD previo"
2026-10-01,2026-11-01,2026-10-03,ac0462b7d93d,Mascotas,Veterinario,CURRENT,SPARSE,SPARSE,HIGH,0,0.0,0.0,19.6,6.53,0.0,19.6,,0.0,6.53,6.53,1.0,0.8,0.6,0.0,,6.53,,6.53,0.0,SPARSE_FREQUENCY_ACTIVE_MEDIAN,LOW,2,"LOW: 3 meses historicos, 1 mes(es) activo(s), alta dispersion, sin comparable MTD previo"
2026-10-01,2026-11-01,2026-10-03,d0edce306bff,Casa,Productos de Limpieza,CURRENT,SPARSE,SPARSE,HIGH,0,0.0,0.0,0.74,0.25,0.0,0.74,,0.0,0.25,0.25,1.0,0.8,0.6,0.0,,0.25,,0.25,0.0,SPARSE_FREQUENCY_ACTIVE_MEDIAN,LOW,2,"LOW: 3 meses historicos, 1 mes(es) activo(s), alta dispersion, sin comparable MTD previo"
2026-10-01,2026-11-01,2026-10-03,4f3158322deb,Mascotas,Comida para Mascotas,CURRENT,SPARSE,SPARSE,HIGH,0,0.0,0.0,2.8,0.93,0.0,2.8,,0.0,0.93,0.93,1.0,0.8,0.6,0.0,,0.93,,0.93,0.0,SPARSE_FREQUENCY_ACTIVE_MEDIAN,LOW,2,"LOW: 3 meses historicos, 1 mes(es) activo(s), alta dispersion, sin comparable MTD previo"
2026-10-01,2026-11-01,2026-10-03,bbe141cb31a1,Estudios y Formación,Estudios y Formación,CURRENT,SPARSE,SPARSE,HIGH,0,0.0,0.0,1.96,0.65,0.0,1.96,,0.0,0.65,0.65,1.0,0.8,0.6,0.0,,0.65,,0.65,0.0,SPARSE_FREQUENCY_ACTIVE_MEDIAN,LOW,2,"LOW: 3 meses historicos, 1 mes(es) activo(s), alta dispersion, sin comparable MTD previo"
2026-10-01,2026-11-01,2026-10-03,6f5382ade6a7,Vestimenta,Bolsos,CURRENT,SPARSE,SPARSE,HIGH,0,2.25,0.0,29.67,9.89,0.0,29.67,,23.25,9.89,9.89,1.0,0.8,0.6,0.0,,9.89,,9.89,0.0,SPARSE_FREQUENCY_ACTIVE_MEDIAN,LOW,2,"LOW: 3 meses historicos, 1 mes(es) activo(s), alta dispersion, sin comparable MTD previo"
2026-10-01,2026-11-01,2026-10-03,8e197efcf632,Transporte,Delivery Personal,CURRENT,SPARSE,SPARSE,HIGH,0,0.0,0.0,4.23,1.41,0.0,4.23,,0.0,1.41,1.41,1.0,0.8,0.6,0.0,,1.41,,1.41,0.0,SPARSE_FREQUENCY_ACTIVE_MEDIAN,LOW,2,"LOW: 3 meses historicos, 1 mes(es) activo(s), alta dispersion, sin comparable MTD previo"
2026-10-01,2026-11-01,2026-10-03,4b2a972b5f50,Entretenimiento,Cine,CURRENT,SPARSE,SPARSE,HIGH,0,7.5,0.0,0.0,0.0,0.0,0.0,,7.5,0.0,0.0,0.0,0.8,0.6,0.0,,0.0,,0.0,0.0,SPARSE_FREQUENCY_ACTIVE_MEDIAN,LOW,2,"LOW: 3 meses historicos, 0 mes(es) activo(s), alta dispersion, sin comparable MTD previo"
2026-10-01,2026-11-01,2026-10-03,5cde56303772,Gastos Anilet,Recargas,CURRENT,SPARSE,SPARSE,HIGH,0,1.15,0.0,0.0,0.0,0.0,0.0,,1.15,0.0,0.0,0.0,0.8,0.6,0.0,,0.0,,0.0,0.0,SPARSE_FREQUENCY_ACTIVE_MEDIAN,LOW,2,"LOW: 3 meses historicos, 0 mes(es) activo(s), alta dispersion, sin comparable MTD previo"
2026-10-01,2026-11-01,2026-10-03,ab1ec066fda2,Apuestas,Apuestas,CURRENT,SPARSE,SPARSE,HIGH,0,2.3,0.0,0.0,0.0,0.0,0.0,,2.3,0.0,0.0,0.0,0.8,0.6,0.0,,0.0,,0.0,0.0,SPARSE_FREQUENCY_ACTIVE_MEDIAN,LOW,2,"LOW: 3 meses historicos, 0 mes(es) activo(s), alta dispersion, sin comparable MTD previo"
2026-10-01,2026-11-01,2026-10-03,1010f7c4a900,Transporte,Transporte público,REALISTIC,FIXED,FIXED,NONE,1,0.0,0.0,2.14,1.59,1.34,2.14,,2.14,2.14,2.14,1.0,1.0,1.0,0.0,,2.14,,2.14,0.0,FIXED_LAST_MEDIAN_BUDGET,MEDIUM,4,"MEDIUM: 3 meses historicos, 3 meses activos, baja dispersion, sin comparable MTD previo"
2026-10-01,2026-11-01,2026-10-03,838f43099b97,Deuda / CASHEA,Cuota existente,REALISTIC,DEBT,DEBT,NONE,1,0.0,0.0,485.52,265.84,200.42,485.52,,485.52,485.52,485.52,1.0,1.0,1.0,0.0,,485.52,,485.52,0.0,DEBT_OBLIGATION_BUDGET_HISTORY,MEDIUM,3,"MEDIUM: 3 meses historicos, 3 meses activos, alta dispersion, sin comparable MTD previo"
2026-10-01,2026-11-01,2026-10-03,e07d78f4e84b,Salud,Tratamientos,REALISTIC,SPARSE,SPARSE,HIGH,0,0.0,0.0,24.05,21.32,24.05,24.05,,0.0,21.32,21.32,0.8002,0.8,0.6,0.0,,17.06,,17.06,-4.26,SPARSE_FREQUENCY_ACTIVE_MEDIAN,MEDIUM,3,"MEDIUM: 3 meses historicos, 2 meses activos, alta dispersion, sin comparable MTD previo"
2026-10-01,2026-11-01,2026-10-03,a27846f51f88,Impuestos y Finanzas,Comisiones bancarias,REALISTIC,VARIABLE,VARIABLE,MEDIUM,0,0.55,1.46,6.87,5.4,6.87,7.43,-62.33,6.67,7.11,7.11,0.9001,0.9,0.8,0.0,,6.4,,6.4,-0.71,VARIABLE_SHRINKAGE_K10,MEDIUM,4,"MEDIUM: 3 meses historicos, 3 meses activos, alta dispersion, comparable MTD previo"
2026-10-01,2026-11-01,2026-10-03,875fba7cfcd9,Vestimenta,Ropa,REALISTIC,SPARSE,SPARSE,HIGH,0,0.0,0.0,19.59,20.8,19.59,20.8,,0.0,20.8,20.8,0.7,0.7,0.0,0.0,,14.56,,14.56,-6.24,SPARSE_FREQUENCY_ACTIVE_MEDIAN,MEDIUM,3,"MEDIUM: 3 meses historicos, 2 meses activos, alta dispersion, sin comparable MTD previo"
2026-10-01,2026-11-01,2026-10-03,35dda595e5c0,Gastos Mayores,Tecnología,REALISTIC,VARIABLE,VARIABLE,MEDIUM,0,0.0,0.0,0.0,7.32,4.97,7.32,,5.63,6.0,6.0,0.9,0.9,0.8,0.0,,5.4,,5.4,-0.6,VARIABLE_SHRINKAGE_K10,MEDIUM,3,"MEDIUM: 3 meses historicos, 2 meses activos, alta dispersion, sin comparable MTD previo"
2026-10-01,2026-11-01,2026-10-03,4924969958fc,Gastos Anilet,Gastos Anilet,REALISTIC,FIXED,FIXED,NONE,1,0.0,0.0,18.59,16.27,16.45,18.59,,18.59,18.59,18.59,1.0,1.0,1.0,0.0,,18.59,,18.59,0.0,FIXED_LAST_MEDIAN_BUDGET,MEDIUM,4,"MEDIUM: 3 meses historicos, 3 meses activos, baja dispersion, sin comparable MTD previo"
2026-10-01,2026-11-01,2026-10-03,df2a9c513115,Alimentación,Mercado,REALISTIC,VARIABLE,VARIABLE,MEDIUM,0,111.94,0.0,123.45,197.49,229.66,239.35,,451.05,301.85,301.85,0.9,0.9,0.8,0.0,,271.67,,271.67,-30.18,VARIABLE_SHRINKAGE_K10,MEDIUM,4,"MEDIUM: 3 meses historicos, 3 meses activos, baja dispersion, sin comparable MTD previo"
2026-10-01,2026-11-01,2026-10-03,a060915d2500,Casa,Internet y Teléfono,REALISTIC,VARIABLE,VARIABLE,MEDIUM,0,0.0,0.0,37.21,28.78,37.21,40.69,,31.3,37.06,37.06,0.8999,0.9,0.8,0.0,,33.35,,33.35,-3.71,VARIABLE_SHRINKAGE_K10,MEDIUM,3,"MEDIUM: 3 meses historicos, 3 meses activos, alta dispersion, sin comparable MTD previo"
2026-10-01,2026-11-01,2026-10-03,ea6a91937407,Envíos Nacionales,Envíos Nacionales,REALISTIC,SPARSE,SPARSE,HIGH,0,0.0,0.0,0.0,1.09,0.0,1.09,,0.0,1.09,1.09,0.7982,0.8,0.6,0.0,,0.87,,0.87,-0.22,SPARSE_FREQUENCY_ACTIVE_MEDIAN,LOW,2,"LOW: 3 meses historicos, 1 mes(es) activo(s), alta dispersion, sin comparable MTD previo"
2026-10-01,2026-11-01,2026-10-03,2678ad9576fd,Entretenimiento,Entretenimiento,REALISTIC,SPARSE,SPARSE,HIGH,0,0.0,0.0,0.0,4.61,0.0,4.61,,0.0,4.61,4.61,0.8004,0.8,0.6,0.0,,3.69,,3.69,-0.92,SPARSE_FREQUENCY_ACTIVE_MEDIAN,LOW,2,"LOW: 3 meses historicos, 1 mes(es) activo(s), alta dispersion, sin comparable MTD previo"
2026-10-01,2026-11-01,2026-10-03,58497dc00edc,Gastos Mayores,Gastos Mayores,REALISTIC,SPARSE,SPARSE,HIGH,0,0.0,0.0,0.0,0.1,0.0,0.1,,0.0,0.1,0.1,0.8,0.8,0.6,0.0,,0.08,,0.08,-0.02,SPARSE_FREQUENCY_ACTIVE_MEDIAN,LOW,2,"LOW: 3 meses historicos, 1 mes(es) activo(s), alta dispersion, sin comparable MTD previo"
2026-10-01,2026-11-01,2026-10-03,fae09f19e81c,Comida rapida,Comida rapida,REALISTIC,VARIABLE,VARIABLE,MEDIUM,0,0.0,0.0,0.0,4.92,6.33,8.44,,6.49,6.91,6.91,0.9001,0.9,0.8,0.0,,6.22,,6.22,-0.69,VARIABLE_SHRINKAGE_K10,MEDIUM,3,"MEDIUM: 3 meses historicos, 2 meses activos, alta dispersion, sin comparable MTD previo"
2026-10-01,2026-11-01,2026-10-03,04850e7d0477,Salud,Medicinas,REALISTIC,SPARSE,SPARSE,MEDIUM,1,0.0,0.0,0.0,0.47,0.69,0.69,,0.0,0.47,0.47,0.8085,0.8,0.75,0.0,,0.38,,0.38,-0.09,SPARSE_FREQUENCY_ACTIVE_MEDIAN,MEDIUM,3,"MEDIUM: 3 meses historicos, 2 meses activos, alta dispersion, sin comparable MTD previo"
2026-10-01,2026-11-01,2026-10-03,cdeaa858d23e,Comisiones,Pago móvil,REALISTIC,VARIABLE,SPARSE,LOW,1,0.0,0.0,0.0,0.0,0.0,0.0,,0.0,0.0,0.0,0.0,0.95,0.9,0.0,,0.0,,0.0,0.0,VARIABLE_SHRINKAGE_K10,LOW,2,"LOW: 3 meses historicos, 1 mes(es) activo(s), alta dispersion, sin comparable MTD previo"
2026-10-01,2026-11-01,2026-10-03,e87c095d3110,Salud,Salud,REALISTIC,SPARSE,SPARSE,HIGH,0,0.0,0.0,0.0,0.15,0.0,0.15,,0.0,0.15,0.15,0.8,0.8,0.6,0.0,,0.12,,0.12,-0.03,SPARSE_FREQUENCY_ACTIVE_MEDIAN,LOW,2,"LOW: 3 meses historicos, 1 mes(es) activo(s), alta dispersion, sin comparable MTD previo"
2026-10-01,2026-11-01,2026-10-03,3b87de5f1ff5,Trabajo / Trámites,Mensajería / Traslado de documentos,REALISTIC,SPARSE,SPARSE,MEDIUM,0,0.0,0.0,0.0,0.76,0.0,0.76,,0.0,0.76,0.76,0.6974,0.7,0.6,0.0,,0.53,,0.53,-0.23,SPARSE_FREQUENCY_ACTIVE_MEDIAN,LOW,2,"LOW: 3 meses historicos, 1 mes(es) activo(s), alta dispersion, sin comparable MTD previo"
2026-10-01,2026-11-01,2026-10-03,c5b2860a1b1e,Entretenimiento,Eventos y Salidas,REALISTIC,VARIABLE,VARIABLE,MEDIUM,0,0.0,0.0,0.0,3.17,2.0,3.17,,2.44,2.59,2.59,0.8996,0.9,0.8,0.0,,2.33,,2.33,-0.26,VARIABLE_SHRINKAGE_K10,MEDIUM,3,"MEDIUM: 3 meses historicos, 2 meses activos, alta dispersion, sin comparable MTD previo"
2026-10-01,2026-11-01,2026-10-03,9485450e1f0d,Alimentación,Snacks,REALISTIC,VARIABLE,VARIABLE,MEDIUM,0,0.0,0.0,4.48,9.09,6.89,9.09,,6.99,7.89,7.89,0.8999,0.9,0.8,0.0,,7.1,,7.1,-0.79,VARIABLE_SHRINKAGE_K10,MEDIUM,3,"MEDIUM: 3 meses historicos, 3 meses activos, alta dispersion, sin comparable MTD previo"
2026-10-01,2026-11-01,2026-10-03,57aa1b426750,Movilidad,Envío / Mandado personal,REALISTIC,SPARSE,VARIABLE,HIGH,0,0.0,0.0,0.0,0.66,0.0,0.66,,0.0,0.66,0.66,0.697,0.7,0.5,0.0,,0.46,,0.46,-0.2,SPARSE_FREQUENCY_ACTIVE_MEDIAN,LOW,2,"LOW: 3 meses historicos, 1 mes(es) activo(s), alta dispersion, sin comparable MTD previo"
2026-10-01,2026-11-01,2026-10-03,077d0ed217c4,Alimentación,Delivery,REALISTIC,VARIABLE,VARIABLE,MEDIUM,0,0.0,0.0,9.32,9.09,9.32,16.07,,12.36,14.1,14.1,0.9,0.9,0.8,0.0,,12.69,,12.69,-1.41,VARIABLE_SHRINKAGE_K10,MEDIUM,3,"MEDIUM: 3 meses historicos, 3 meses activos, alta dispersion, sin comparable MTD previo"
2026-10-01,2026-11-01,2026-10-03,aa0d86fff83b,Alimentación,Snacks / Antojos,REALISTIC,VARIABLE,VARIABLE,HIGH,0,0.0,0.0,0.0,4.28,1.34,11.51,,8.85,9.43,9.43,0.8505,0.85,0.65,0.0,,8.02,,8.02,-1.41,VARIABLE_SHRINKAGE_K10,MEDIUM,3,"MEDIUM: 3 meses historicos, 2 meses activos, alta dispersion, sin comparable MTD previo"
2026-10-01,2026-11-01,2026-10-03,5d0a9aae4767,Movilidad,Traslado personal,REALISTIC,VARIABLE,VARIABLE,LOW,1,0.0,0.0,2.61,8.59,4.34,18.83,,14.48,15.69,15.69,0.9503,0.95,0.9,0.0,,14.91,,14.91,-0.78,VARIABLE_SHRINKAGE_K10,MEDIUM,3,"MEDIUM: 3 meses historicos, 3 meses activos, alta dispersion, sin comparable MTD previo"
2026-10-01,2026-11-01,2026-10-03,3278ef5ecc17,Alimentación,Comida a domicilio,REALISTIC,VARIABLE,VARIABLE,HIGH,0,0.0,0.0,11.87,4.96,3.0,11.87,,9.13,10.91,10.91,0.8497,0.85,0.65,0.0,,9.27,,9.27,-1.64,VARIABLE_SHRINKAGE_K10,MEDIUM,3,"MEDIUM: 3 meses historicos, 2 meses activos, alta dispersion, sin comparable MTD previo"
2026-10-01,2026-11-01,2026-10-03,54951bc2167e,Entretenimiento,Suscripciones,REALISTIC,FIXED,FIXED,NONE,1,0.0,0.0,25.78,25.52,25.78,25.79,,25.79,25.79,25.79,1.0,1.0,1.0,0.0,,25.79,,25.79,0.0,FIXED_LAST_MEDIAN_BUDGET,MEDIUM,4,"MEDIUM: 3 meses historicos, 3 meses activos, baja dispersion, sin comparable MTD previo"
2026-10-01,2026-11-01,2026-10-03,4da1cb0ca232,Hotel,Hotel,REALISTIC,VARIABLE,VARIABLE,MEDIUM,0,0.0,0.0,13.84,13.84,13.84,27.68,,21.29,24.06,24.06,0.8998,0.9,0.8,0.0,,21.65,,21.65,-2.41,VARIABLE_SHRINKAGE_K10,MEDIUM,3,"MEDIUM: 3 meses historicos, 2 meses activos, alta dispersion, sin comparable MTD previo"
2026-10-01,2026-11-01,2026-10-03,493785f1ef4c,Deuda / CASHEA,Ropa,REALISTIC,DEBT,DEBT,NONE,1,0.0,0.0,3.3,9.43,3.3,24.99,,24.99,24.99,24.99,1.0,1.0,1.0,0.0,,24.99,,24.99,0.0,DEBT_OBLIGATION_BUDGET_HISTORY,MEDIUM,3,"MEDIUM: 3 meses historicos, 2 meses activos, alta dispersion, sin comparable MTD previo"
2026-10-01,2026-11-01,2026-10-03,7c5966d9bcf6,Bienestar,Peluquería,REALISTIC,SPARSE,SPARSE,HIGH,0,0.0,0.0,0.0,3.67,0.0,11.0,,0.0,3.85,3.85,0.8,0.8,0.6,0.0,,3.08,,3.08,-0.77,SPARSE_FREQUENCY_ACTIVE_MEDIAN,LOW,2,"LOW: 3 meses historicos, 1 mes(es) activo(s), alta dispersion, sin comparable MTD previo"
2026-10-01,2026-11-01,2026-10-03,b633720fbd59,Alimentación,Café y Bebidas,REALISTIC,VARIABLE,VARIABLE,MEDIUM,0,0.0,0.0,3.41,5.44,3.41,12.91,,9.93,10.92,10.92,0.9002,0.9,0.8,0.0,,9.83,,9.83,-1.09,VARIABLE_SHRINKAGE_K10,MEDIUM,3,"MEDIUM: 3 meses historicos, 2 meses activos, alta dispersion, sin comparable MTD previo"
2026-10-01,2026-11-01,2026-10-03,bda26f4d773c,Gastos Apps Internacionales,Gastos Apps Internacionales,REALISTIC,SPARSE,SPARSE,HIGH,0,0.0,0.0,0.0,3.34,0.0,10.01,,0.0,3.5,3.5,0.8,0.8,0.6,0.0,,2.8,,2.8,-0.7,SPARSE_FREQUENCY_ACTIVE_MEDIAN,LOW,2,"LOW: 3 meses historicos, 1 mes(es) activo(s), alta dispersion, sin comparable MTD previo"
2026-10-01,2026-11-01,2026-10-03,b992785e1799,Casa,Casa,REALISTIC,VARIABLE,VARIABLE,MEDIUM,0,0.0,4.27,12.94,8.03,11.16,12.94,-100.0,10.48,12.08,12.08,0.8998,0.9,0.8,0.0,,10.87,,10.87,-1.21,VARIABLE_SHRINKAGE_K10,MEDIUM,4,"MEDIUM: 3 meses historicos, 2 meses activos, alta dispersion, comparable MTD previo"
2026-10-01,2026-11-01,2026-10-03,54635eebe66f,Alimentación,Comer fuera,REALISTIC,SPARSE,VARIABLE,HIGH,0,0.0,0.0,46.78,23.13,22.61,46.78,,0.0,23.13,23.13,0.85,0.85,0.65,0.0,,19.66,,19.66,-3.47,SPARSE_FREQUENCY_ACTIVE_MEDIAN,MEDIUM,3,"MEDIUM: 3 meses historicos, 2 meses activos, alta dispersion, sin comparable MTD previo"
2026-10-01,2026-11-01,2026-10-03,9e890e783130,Transporte,Taxis,REALISTIC,VARIABLE,VARIABLE,MEDIUM,0,8.03,0.37,32.63,12.06,3.55,32.63,2070.27,42.96,36.24,36.24,0.9001,0.9,0.8,0.0,,32.62,,32.62,-3.62,VARIABLE_SHRINKAGE_K10,MEDIUM,4,"MEDIUM: 3 meses historicos, 2 meses activos, alta dispersion, comparable MTD previo"
2026-10-01,2026-11-01,2026-10-03,cd63968cbd6f,Gastos de Trabajo,Logística laboral,REALISTIC,SPARSE,SPARSE,HIGH,0,0.0,0.0,0.0,13.92,0.0,41.76,,0.0,14.62,14.62,0.8003,0.8,0.6,0.0,,11.7,,11.7,-2.92,SPARSE_FREQUENCY_ACTIVE_MEDIAN,LOW,2,"LOW: 3 meses historicos, 1 mes(es) activo(s), alta dispersion, sin comparable MTD previo"
2026-10-01,2026-11-01,2026-10-03,8c6fc0971227,Alimentación,Panes y Postres,REALISTIC,VARIABLE,VARIABLE,MEDIUM,0,0.0,0.0,7.45,2.48,0.0,7.45,,5.73,6.85,6.85,0.9007,0.9,0.8,0.0,,6.17,,6.17,-0.68,VARIABLE_SHRINKAGE_K10,LOW,2,"LOW: 3 meses historicos, 1 mes(es) activo(s), alta dispersion, sin comparable MTD previo"
2026-10-01,2026-11-01,2026-10-03,a59a886338a8,Salud,Farmacia,REALISTIC,SPARSE,SPARSE,HIGH,0,0.0,0.0,11.84,3.95,0.0,11.84,,0.0,3.95,3.95,0.8,0.8,0.6,0.0,,3.16,,3.16,-0.79,SPARSE_FREQUENCY_ACTIVE_MEDIAN,LOW,2,"LOW: 3 meses historicos, 1 mes(es) activo(s), alta dispersion, sin comparable MTD previo"
2026-10-01,2026-11-01,2026-10-03,ac0462b7d93d,Mascotas,Veterinario,REALISTIC,SPARSE,SPARSE,HIGH,0,0.0,0.0,19.6,6.53,0.0,19.6,,0.0,6.53,6.53,0.7994,0.8,0.6,0.0,,5.22,,5.22,-1.31,SPARSE_FREQUENCY_ACTIVE_MEDIAN,LOW,2,"LOW: 3 meses historicos, 1 mes(es) activo(s), alta dispersion, sin comparable MTD previo"
2026-10-01,2026-11-01,2026-10-03,d0edce306bff,Casa,Productos de Limpieza,REALISTIC,SPARSE,SPARSE,HIGH,0,0.0,0.0,0.74,0.25,0.0,0.74,,0.0,0.25,0.25,0.8,0.8,0.6,0.0,,0.2,,0.2,-0.05,SPARSE_FREQUENCY_ACTIVE_MEDIAN,LOW,2,"LOW: 3 meses historicos, 1 mes(es) activo(s), alta dispersion, sin comparable MTD previo"
2026-10-01,2026-11-01,2026-10-03,4f3158322deb,Mascotas,Comida para Mascotas,REALISTIC,SPARSE,SPARSE,HIGH,0,0.0,0.0,2.8,0.93,0.0,2.8,,0.0,0.93,0.93,0.7957,0.8,0.6,0.0,,0.74,,0.74,-0.19,SPARSE_FREQUENCY_ACTIVE_MEDIAN,LOW,2,"LOW: 3 meses historicos, 1 mes(es) activo(s), alta dispersion, sin comparable MTD previo"
2026-10-01,2026-11-01,2026-10-03,bbe141cb31a1,Estudios y Formación,Estudios y Formación,REALISTIC,SPARSE,SPARSE,HIGH,0,0.0,0.0,1.96,0.65,0.0,1.96,,0.0,0.65,0.65,0.8,0.8,0.6,0.0,,0.52,,0.52,-0.13,SPARSE_FREQUENCY_ACTIVE_MEDIAN,LOW,2,"LOW: 3 meses historicos, 1 mes(es) activo(s), alta dispersion, sin comparable MTD previo"
2026-10-01,2026-11-01,2026-10-03,6f5382ade6a7,Vestimenta,Bolsos,REALISTIC,SPARSE,SPARSE,HIGH,0,2.25,0.0,29.67,9.89,0.0,29.67,,23.25,9.89,9.89,0.7998,0.8,0.6,0.0,,7.91,,7.91,-1.98,SPARSE_FREQUENCY_ACTIVE_MEDIAN,LOW,2,"LOW: 3 meses historicos, 1 mes(es) activo(s), alta dispersion, sin comparable MTD previo"
2026-10-01,2026-11-01,2026-10-03,8e197efcf632,Transporte,Delivery Personal,REALISTIC,SPARSE,SPARSE,HIGH,0,0.0,0.0,4.23,1.41,0.0,4.23,,0.0,1.41,1.41,0.8014,0.8,0.6,0.0,,1.13,,1.13,-0.28,SPARSE_FREQUENCY_ACTIVE_MEDIAN,LOW,2,"LOW: 3 meses historicos, 1 mes(es) activo(s), alta dispersion, sin comparable MTD previo"
2026-10-01,2026-11-01,2026-10-03,4b2a972b5f50,Entretenimiento,Cine,REALISTIC,SPARSE,SPARSE,HIGH,0,7.5,0.0,0.0,0.0,0.0,0.0,,7.5,0.0,0.0,0.0,0.8,0.6,0.0,,0.0,,0.0,0.0,SPARSE_FREQUENCY_ACTIVE_MEDIAN,LOW,2,"LOW: 3 meses historicos, 0 mes(es) activo(s), alta dispersion, sin comparable MTD previo"
2026-10-01,2026-11-01,2026-10-03,5cde56303772,Gastos Anilet,Recargas,REALISTIC,SPARSE,SPARSE,HIGH,0,1.15,0.0,0.0,0.0,0.0,0.0,,1.15,0.0,0.0,0.0,0.8,0.6,0.0,,0.0,,0.0,0.0,SPARSE_FREQUENCY_ACTIVE_MEDIAN,LOW,2,"LOW: 3 meses historicos, 0 mes(es) activo(s), alta dispersion, sin comparable MTD previo"
2026-10-01,2026-11-01,2026-10-03,ab1ec066fda2,Apuestas,Apuestas,REALISTIC,SPARSE,SPARSE,HIGH,0,2.3,0.0,0.0,0.0,0.0,0.0,,2.3,0.0,0.0,0.0,0.8,0.6,0.0,,0.0,,0.0,0.0,SPARSE_FREQUENCY_ACTIVE_MEDIAN,LOW,2,"LOW: 3 meses historicos, 0 mes(es) activo(s), alta dispersion, sin comparable MTD previo"
2026-10-01,2026-11-01,2026-10-03,1010f7c4a900,Transporte,Transporte público,AGGRESSIVE,FIXED,FIXED,NONE,1,0.0,0.0,2.14,1.59,1.34,2.14,,2.14,2.14,2.14,1.0,1.0,1.0,0.0,,2.14,,2.14,0.0,FIXED_LAST_MEDIAN_BUDGET,MEDIUM,4,"MEDIUM: 3 meses historicos, 3 meses activos, baja dispersion, sin comparable MTD previo"
2026-10-01,2026-11-01,2026-10-03,838f43099b97,Deuda / CASHEA,Cuota existente,AGGRESSIVE,DEBT,DEBT,NONE,1,0.0,0.0,485.52,265.84,200.42,485.52,,485.52,485.52,485.52,1.0,1.0,1.0,0.0,,485.52,,485.52,0.0,DEBT_OBLIGATION_BUDGET_HISTORY,MEDIUM,3,"MEDIUM: 3 meses historicos, 3 meses activos, alta dispersion, sin comparable MTD previo"
2026-10-01,2026-11-01,2026-10-03,e07d78f4e84b,Salud,Tratamientos,AGGRESSIVE,SPARSE,SPARSE,HIGH,0,0.0,0.0,24.05,21.32,24.05,24.05,,0.0,21.32,21.32,0.4803,0.8,0.6,0.0,,10.24,,10.24,-11.08,SPARSE_FREQUENCY_ACTIVE_MEDIAN,MEDIUM,3,"MEDIUM: 3 meses historicos, 2 meses activos, alta dispersion, sin comparable MTD previo"
2026-10-01,2026-11-01,2026-10-03,a27846f51f88,Impuestos y Finanzas,Comisiones bancarias,AGGRESSIVE,VARIABLE,VARIABLE,MEDIUM,0,0.55,1.46,6.87,5.4,6.87,7.43,-62.33,6.67,7.11,7.11,0.7201,0.9,0.8,0.0,,5.12,,5.12,-1.99,VARIABLE_SHRINKAGE_K10,MEDIUM,4,"MEDIUM: 3 meses historicos, 3 meses activos, alta dispersion, comparable MTD previo"
2026-10-01,2026-11-01,2026-10-03,875fba7cfcd9,Vestimenta,Ropa,AGGRESSIVE,SPARSE,SPARSE,HIGH,0,0.0,0.0,19.59,20.8,19.59,20.8,,0.0,20.8,20.8,0.0,0.7,0.0,0.0,,0.0,,0.0,-20.8,SPARSE_FREQUENCY_ACTIVE_MEDIAN,MEDIUM,3,"MEDIUM: 3 meses historicos, 2 meses activos, alta dispersion, sin comparable MTD previo"
2026-10-01,2026-11-01,2026-10-03,35dda595e5c0,Gastos Mayores,Tecnología,AGGRESSIVE,VARIABLE,VARIABLE,MEDIUM,0,0.0,0.0,0.0,7.32,4.97,7.32,,5.63,6.0,6.0,0.72,0.9,0.8,0.0,,4.32,,4.32,-1.68,VARIABLE_SHRINKAGE_K10,MEDIUM,3,"MEDIUM: 3 meses historicos, 2 meses activos, alta dispersion, sin comparable MTD previo"
2026-10-01,2026-11-01,2026-10-03,4924969958fc,Gastos Anilet,Gastos Anilet,AGGRESSIVE,FIXED,FIXED,NONE,1,0.0,0.0,18.59,16.27,16.45,18.59,,18.59,18.59,18.59,1.0,1.0,1.0,0.0,,18.59,,18.59,0.0,FIXED_LAST_MEDIAN_BUDGET,MEDIUM,4,"MEDIUM: 3 meses historicos, 3 meses activos, baja dispersion, sin comparable MTD previo"
2026-10-01,2026-11-01,2026-10-03,df2a9c513115,Alimentación,Mercado,AGGRESSIVE,VARIABLE,VARIABLE,MEDIUM,0,111.94,0.0,123.45,197.49,229.66,239.35,,451.05,301.85,301.85,0.72,0.9,0.8,0.0,,217.34,,217.34,-84.51,VARIABLE_SHRINKAGE_K10,MEDIUM,4,"MEDIUM: 3 meses historicos, 3 meses activos, baja dispersion, sin comparable MTD previo"
2026-10-01,2026-11-01,2026-10-03,a060915d2500,Casa,Internet y Teléfono,AGGRESSIVE,VARIABLE,VARIABLE,MEDIUM,0,0.0,0.0,37.21,28.78,37.21,40.69,,31.3,37.06,37.06,0.7199,0.9,0.8,0.0,,26.68,,26.68,-10.38,VARIABLE_SHRINKAGE_K10,MEDIUM,3,"MEDIUM: 3 meses historicos, 3 meses activos, alta dispersion, sin comparable MTD previo"
2026-10-01,2026-11-01,2026-10-03,ea6a91937407,Envíos Nacionales,Envíos Nacionales,AGGRESSIVE,SPARSE,SPARSE,HIGH,0,0.0,0.0,0.0,1.09,0.0,1.09,,0.0,1.09,1.09,0.4771,0.8,0.6,0.0,,0.52,,0.52,-0.57,SPARSE_FREQUENCY_ACTIVE_MEDIAN,LOW,2,"LOW: 3 meses historicos, 1 mes(es) activo(s), alta dispersion, sin comparable MTD previo"
2026-10-01,2026-11-01,2026-10-03,2678ad9576fd,Entretenimiento,Entretenimiento,AGGRESSIVE,SPARSE,SPARSE,HIGH,0,0.0,0.0,0.0,4.61,0.0,4.61,,0.0,4.61,4.61,0.4794,0.8,0.6,0.0,,2.21,,2.21,-2.4,SPARSE_FREQUENCY_ACTIVE_MEDIAN,LOW,2,"LOW: 3 meses historicos, 1 mes(es) activo(s), alta dispersion, sin comparable MTD previo"
2026-10-01,2026-11-01,2026-10-03,58497dc00edc,Gastos Mayores,Gastos Mayores,AGGRESSIVE,SPARSE,SPARSE,HIGH,0,0.0,0.0,0.0,0.1,0.0,0.1,,0.0,0.1,0.1,0.5,0.8,0.6,0.0,,0.05,,0.05,-0.05,SPARSE_FREQUENCY_ACTIVE_MEDIAN,LOW,2,"LOW: 3 meses historicos, 1 mes(es) activo(s), alta dispersion, sin comparable MTD previo"
2026-10-01,2026-11-01,2026-10-03,fae09f19e81c,Comida rapida,Comida rapida,AGGRESSIVE,VARIABLE,VARIABLE,MEDIUM,0,0.0,0.0,0.0,4.92,6.33,8.44,,6.49,6.91,6.91,0.7207,0.9,0.8,0.0,,4.98,,4.98,-1.93,VARIABLE_SHRINKAGE_K10,MEDIUM,3,"MEDIUM: 3 meses historicos, 2 meses activos, alta dispersion, sin comparable MTD previo"
2026-10-01,2026-11-01,2026-10-03,04850e7d0477,Salud,Medicinas,AGGRESSIVE,SPARSE,SPARSE,MEDIUM,1,0.0,0.0,0.0,0.47,0.69,0.69,,0.0,0.47,0.47,0.617,0.8,0.75,0.0,,0.29,,0.29,-0.18,SPARSE_FREQUENCY_ACTIVE_MEDIAN,MEDIUM,3,"MEDIUM: 3 meses historicos, 2 meses activos, alta dispersion, sin comparable MTD previo"
2026-10-01,2026-11-01,2026-10-03,cdeaa858d23e,Comisiones,Pago móvil,AGGRESSIVE,VARIABLE,SPARSE,LOW,1,0.0,0.0,0.0,0.0,0.0,0.0,,0.0,0.0,0.0,0.0,0.95,0.9,0.0,,0.0,,0.0,0.0,VARIABLE_SHRINKAGE_K10,LOW,2,"LOW: 3 meses historicos, 1 mes(es) activo(s), alta dispersion, sin comparable MTD previo"
2026-10-01,2026-11-01,2026-10-03,e87c095d3110,Salud,Salud,AGGRESSIVE,SPARSE,SPARSE,HIGH,0,0.0,0.0,0.0,0.15,0.0,0.15,,0.0,0.15,0.15,0.4667,0.8,0.6,0.0,,0.07,,0.07,-0.08,SPARSE_FREQUENCY_ACTIVE_MEDIAN,LOW,2,"LOW: 3 meses historicos, 1 mes(es) activo(s), alta dispersion, sin comparable MTD previo"
2026-10-01,2026-11-01,2026-10-03,3b87de5f1ff5,Trabajo / Trámites,Mensajería / Traslado de documentos,AGGRESSIVE,SPARSE,SPARSE,MEDIUM,0,0.0,0.0,0.0,0.76,0.0,0.76,,0.0,0.76,0.76,0.4211,0.7,0.6,0.0,,0.32,,0.32,-0.44,SPARSE_FREQUENCY_ACTIVE_MEDIAN,LOW,2,"LOW: 3 meses historicos, 1 mes(es) activo(s), alta dispersion, sin comparable MTD previo"
2026-10-01,2026-11-01,2026-10-03,c5b2860a1b1e,Entretenimiento,Eventos y Salidas,AGGRESSIVE,VARIABLE,VARIABLE,MEDIUM,0,0.0,0.0,0.0,3.17,2.0,3.17,,2.44,2.59,2.59,0.7181,0.9,0.8,0.0,,1.86,,1.86,-0.73,VARIABLE_SHRINKAGE_K10,MEDIUM,3,"MEDIUM: 3 meses historicos, 2 meses activos, alta dispersion, sin comparable MTD previo"
2026-10-01,2026-11-01,2026-10-03,9485450e1f0d,Alimentación,Snacks,AGGRESSIVE,VARIABLE,VARIABLE,MEDIUM,0,0.0,0.0,4.48,9.09,6.89,9.09,,6.99,7.89,7.89,0.7199,0.9,0.8,0.0,,5.68,,5.68,-2.21,VARIABLE_SHRINKAGE_K10,MEDIUM,3,"MEDIUM: 3 meses historicos, 3 meses activos, alta dispersion, sin comparable MTD previo"
2026-10-01,2026-11-01,2026-10-03,57aa1b426750,Movilidad,Envío / Mandado personal,AGGRESSIVE,SPARSE,VARIABLE,HIGH,0,0.0,0.0,0.0,0.66,0.0,0.66,,0.0,0.66,0.66,0.3485,0.7,0.5,0.0,,0.23,,0.23,-0.43,SPARSE_FREQUENCY_ACTIVE_MEDIAN,LOW,2,"LOW: 3 meses historicos, 1 mes(es) activo(s), alta dispersion, sin comparable MTD previo"
2026-10-01,2026-11-01,2026-10-03,077d0ed217c4,Alimentación,Delivery,AGGRESSIVE,VARIABLE,VARIABLE,MEDIUM,0,0.0,0.0,9.32,9.09,9.32,16.07,,12.36,14.1,14.1,0.7199,0.9,0.8,0.0,,10.15,,10.15,-3.95,VARIABLE_SHRINKAGE_K10,MEDIUM,3,"MEDIUM: 3 meses historicos, 3 meses activos, alta dispersion, sin comparable MTD previo"
2026-10-01,2026-11-01,2026-10-03,aa0d86fff83b,Alimentación,Snacks / Antojos,AGGRESSIVE,VARIABLE,VARIABLE,HIGH,0,0.0,0.0,0.0,4.28,1.34,11.51,,8.85,9.43,9.43,0.5525,0.85,0.65,0.0,,5.21,,5.21,-4.22,VARIABLE_SHRINKAGE_K10,MEDIUM,3,"MEDIUM: 3 meses historicos, 2 meses activos, alta dispersion, sin comparable MTD previo"
2026-10-01,2026-11-01,2026-10-03,5d0a9aae4767,Movilidad,Traslado personal,AGGRESSIVE,VARIABLE,VARIABLE,LOW,1,0.0,0.0,2.61,8.59,4.34,18.83,,14.48,15.69,15.69,0.8553,0.95,0.9,0.0,,13.42,,13.42,-2.27,VARIABLE_SHRINKAGE_K10,MEDIUM,3,"MEDIUM: 3 meses historicos, 3 meses activos, alta dispersion, sin comparable MTD previo"
2026-10-01,2026-11-01,2026-10-03,3278ef5ecc17,Alimentación,Comida a domicilio,AGGRESSIVE,VARIABLE,VARIABLE,HIGH,0,0.0,0.0,11.87,4.96,3.0,11.87,,9.13,10.91,10.91,0.5527,0.85,0.65,0.0,,6.03,,6.03,-4.88,VARIABLE_SHRINKAGE_K10,MEDIUM,3,"MEDIUM: 3 meses historicos, 2 meses activos, alta dispersion, sin comparable MTD previo"
2026-10-01,2026-11-01,2026-10-03,54951bc2167e,Entretenimiento,Suscripciones,AGGRESSIVE,FIXED,FIXED,NONE,1,0.0,0.0,25.78,25.52,25.78,25.79,,25.79,25.79,25.79,1.0,1.0,1.0,0.0,,25.79,,25.79,0.0,FIXED_LAST_MEDIAN_BUDGET,MEDIUM,4,"MEDIUM: 3 meses historicos, 3 meses activos, baja dispersion, sin comparable MTD previo"
2026-10-01,2026-11-01,2026-10-03,4da1cb0ca232,Hotel,Hotel,AGGRESSIVE,VARIABLE,VARIABLE,MEDIUM,0,0.0,0.0,13.84,13.84,13.84,27.68,,21.29,24.06,24.06,0.7199,0.9,0.8,0.0,,17.32,,17.32,-6.74,VARIABLE_SHRINKAGE_K10,MEDIUM,3,"MEDIUM: 3 meses historicos, 2 meses activos, alta dispersion, sin comparable MTD previo"
2026-10-01,2026-11-01,2026-10-03,493785f1ef4c,Deuda / CASHEA,Ropa,AGGRESSIVE,DEBT,DEBT,NONE,1,0.0,0.0,3.3,9.43,3.3,24.99,,24.99,24.99,24.99,1.0,1.0,1.0,0.0,,24.99,,24.99,0.0,DEBT_OBLIGATION_BUDGET_HISTORY,MEDIUM,3,"MEDIUM: 3 meses historicos, 2 meses activos, alta dispersion, sin comparable MTD previo"
2026-10-01,2026-11-01,2026-10-03,7c5966d9bcf6,Bienestar,Peluquería,AGGRESSIVE,SPARSE,SPARSE,HIGH,0,0.0,0.0,0.0,3.67,0.0,11.0,,0.0,3.85,3.85,0.4805,0.8,0.6,0.0,,1.85,,1.85,-2.0,SPARSE_FREQUENCY_ACTIVE_MEDIAN,LOW,2,"LOW: 3 meses historicos, 1 mes(es) activo(s), alta dispersion, sin comparable MTD previo"
2026-10-01,2026-11-01,2026-10-03,b633720fbd59,Alimentación,Café y Bebidas,AGGRESSIVE,VARIABLE,VARIABLE,MEDIUM,0,0.0,0.0,3.41,5.44,3.41,12.91,,9.93,10.92,10.92,0.7198,0.9,0.8,0.0,,7.86,,7.86,-3.06,VARIABLE_SHRINKAGE_K10,MEDIUM,3,"MEDIUM: 3 meses historicos, 2 meses activos, alta dispersion, sin comparable MTD previo"
2026-10-01,2026-11-01,2026-10-03,bda26f4d773c,Gastos Apps Internacionales,Gastos Apps Internacionales,AGGRESSIVE,SPARSE,SPARSE,HIGH,0,0.0,0.0,0.0,3.34,0.0,10.01,,0.0,3.5,3.5,0.48,0.8,0.6,0.0,,1.68,,1.68,-1.82,SPARSE_FREQUENCY_ACTIVE_MEDIAN,LOW,2,"LOW: 3 meses historicos, 1 mes(es) activo(s), alta dispersion, sin comparable MTD previo"
2026-10-01,2026-11-01,2026-10-03,b992785e1799,Casa,Casa,AGGRESSIVE,VARIABLE,VARIABLE,MEDIUM,0,0.0,4.27,12.94,8.03,11.16,12.94,-100.0,10.48,12.08,12.08,0.7202,0.9,0.8,0.0,,8.7,,8.7,-3.38,VARIABLE_SHRINKAGE_K10,MEDIUM,4,"MEDIUM: 3 meses historicos, 2 meses activos, alta dispersion, comparable MTD previo"
2026-10-01,2026-11-01,2026-10-03,54635eebe66f,Alimentación,Comer fuera,AGGRESSIVE,SPARSE,VARIABLE,HIGH,0,0.0,0.0,46.78,23.13,22.61,46.78,,0.0,23.13,23.13,0.5525,0.85,0.65,0.0,,12.78,,12.78,-10.35,SPARSE_FREQUENCY_ACTIVE_MEDIAN,MEDIUM,3,"MEDIUM: 3 meses historicos, 2 meses activos, alta dispersion, sin comparable MTD previo"
2026-10-01,2026-11-01,2026-10-03,9e890e783130,Transporte,Taxis,AGGRESSIVE,VARIABLE,VARIABLE,MEDIUM,0,8.03,0.37,32.63,12.06,3.55,32.63,2070.27,42.96,36.24,36.24,0.7202,0.9,0.8,0.0,,26.1,,26.1,-10.14,VARIABLE_SHRINKAGE_K10,MEDIUM,4,"MEDIUM: 3 meses historicos, 2 meses activos, alta dispersion, comparable MTD previo"
2026-10-01,2026-11-01,2026-10-03,cd63968cbd6f,Gastos de Trabajo,Logística laboral,AGGRESSIVE,SPARSE,SPARSE,HIGH,0,0.0,0.0,0.0,13.92,0.0,41.76,,0.0,14.62,14.62,0.4802,0.8,0.6,0.0,,7.02,,7.02,-7.6,SPARSE_FREQUENCY_ACTIVE_MEDIAN,LOW,2,"LOW: 3 meses historicos, 1 mes(es) activo(s), alta dispersion, sin comparable MTD previo"
2026-10-01,2026-11-01,2026-10-03,8c6fc0971227,Alimentación,Panes y Postres,AGGRESSIVE,VARIABLE,VARIABLE,MEDIUM,0,0.0,0.0,7.45,2.48,0.0,7.45,,5.73,6.85,6.85,0.7212,0.9,0.8,0.0,,4.94,,4.94,-1.91,VARIABLE_SHRINKAGE_K10,LOW,2,"LOW: 3 meses historicos, 1 mes(es) activo(s), alta dispersion, sin comparable MTD previo"
2026-10-01,2026-11-01,2026-10-03,a59a886338a8,Salud,Farmacia,AGGRESSIVE,SPARSE,SPARSE,HIGH,0,0.0,0.0,11.84,3.95,0.0,11.84,,0.0,3.95,3.95,0.481,0.8,0.6,0.0,,1.9,,1.9,-2.05,SPARSE_FREQUENCY_ACTIVE_MEDIAN,LOW,2,"LOW: 3 meses historicos, 1 mes(es) activo(s), alta dispersion, sin comparable MTD previo"
2026-10-01,2026-11-01,2026-10-03,ac0462b7d93d,Mascotas,Veterinario,AGGRESSIVE,SPARSE,SPARSE,HIGH,0,0.0,0.0,19.6,6.53,0.0,19.6,,0.0,6.53,6.53,0.4793,0.8,0.6,0.0,,3.13,,3.13,-3.4,SPARSE_FREQUENCY_ACTIVE_MEDIAN,LOW,2,"LOW: 3 meses historicos, 1 mes(es) activo(s), alta dispersion, sin comparable MTD previo"
2026-10-01,2026-11-01,2026-10-03,d0edce306bff,Casa,Productos de Limpieza,AGGRESSIVE,SPARSE,SPARSE,HIGH,0,0.0,0.0,0.74,0.25,0.0,0.74,,0.0,0.25,0.25,0.48,0.8,0.6,0.0,,0.12,,0.12,-0.13,SPARSE_FREQUENCY_ACTIVE_MEDIAN,LOW,2,"LOW: 3 meses historicos, 1 mes(es) activo(s), alta dispersion, sin comparable MTD previo"
2026-10-01,2026-11-01,2026-10-03,4f3158322deb,Mascotas,Comida para Mascotas,AGGRESSIVE,SPARSE,SPARSE,HIGH,0,0.0,0.0,2.8,0.93,0.0,2.8,,0.0,0.93,0.93,0.4731,0.8,0.6,0.0,,0.44,,0.44,-0.49,SPARSE_FREQUENCY_ACTIVE_MEDIAN,LOW,2,"LOW: 3 meses historicos, 1 mes(es) activo(s), alta dispersion, sin comparable MTD previo"
2026-10-01,2026-11-01,2026-10-03,bbe141cb31a1,Estudios y Formación,Estudios y Formación,AGGRESSIVE,SPARSE,SPARSE,HIGH,0,0.0,0.0,1.96,0.65,0.0,1.96,,0.0,0.65,0.65,0.4769,0.8,0.6,0.0,,0.31,,0.31,-0.34,SPARSE_FREQUENCY_ACTIVE_MEDIAN,LOW,2,"LOW: 3 meses historicos, 1 mes(es) activo(s), alta dispersion, sin comparable MTD previo"
2026-10-01,2026-11-01,2026-10-03,6f5382ade6a7,Vestimenta,Bolsos,AGGRESSIVE,SPARSE,SPARSE,HIGH,0,2.25,0.0,29.67,9.89,0.0,29.67,,23.25,9.89,9.89,0.4803,0.8,0.6,0.0,,4.75,,4.75,-5.14,SPARSE_FREQUENCY_ACTIVE_MEDIAN,LOW,2,"LOW: 3 meses historicos, 1 mes(es) activo(s), alta dispersion, sin comparable MTD previo"
2026-10-01,2026-11-01,2026-10-03,8e197efcf632,Transporte,Delivery Personal,AGGRESSIVE,SPARSE,SPARSE,HIGH,0,0.0,0.0,4.23,1.41,0.0,4.23,,0.0,1.41,1.41,0.4823,0.8,0.6,0.0,,0.68,,0.68,-0.73,SPARSE_FREQUENCY_ACTIVE_MEDIAN,LOW,2,"LOW: 3 meses historicos, 1 mes(es) activo(s), alta dispersion, sin comparable MTD previo"
2026-10-01,2026-11-01,2026-10-03,4b2a972b5f50,Entretenimiento,Cine,AGGRESSIVE,SPARSE,SPARSE,HIGH,0,7.5,0.0,0.0,0.0,0.0,0.0,,7.5,0.0,0.0,0.0,0.8,0.6,0.0,,0.0,,0.0,0.0,SPARSE_FREQUENCY_ACTIVE_MEDIAN,LOW,2,"LOW: 3 meses historicos, 0 mes(es) activo(s), alta dispersion, sin comparable MTD previo"
2026-10-01,2026-11-01,2026-10-03,5cde56303772,Gastos Anilet,Recargas,AGGRESSIVE,SPARSE,SPARSE,HIGH,0,1.15,0.0,0.0,0.0,0.0,0.0,,1.15,0.0,0.0,0.0,0.8,0.6,0.0,,0.0,,0.0,0.0,SPARSE_FREQUENCY_ACTIVE_MEDIAN,LOW,2,"LOW: 3 meses historicos, 0 mes(es) activo(s), alta dispersion, sin comparable MTD previo"
2026-10-01,2026-11-01,2026-10-03,ab1ec066fda2,Apuestas,Apuestas,AGGRESSIVE,SPARSE,SPARSE,HIGH,0,2.3,0.0,0.0,0.0,0.0,0.0,,2.3,0.0,0.0,0.0,0.8,0.6,0.0,,0.0,,0.0,0.0,SPARSE_FREQUENCY_ACTIVE_MEDIAN,LOW,2,"LOW: 3 meses historicos, 0 mes(es) activo(s), alta dispersion, sin comparable MTD previo"
