Fecha,Hora,Tipo,Categoría,Subcategoría,Descripción,Cuenta,Monto (Bs),Monto (USD),Compartido,Tu parte (Bs),Tu parte (USD),Tasa,Moneda,Comprobante
2026-09-01,19:35,Egreso,Casa,,Yummy entrada agüitas - casa buscar cargador,BNC,1222.00,1.53,No,1222.00,1.53,798.33,VES,
2026-09-01,19:35,Egreso,Impuestos y Finanzas,Comisiones bancarias,Comisión por pago móvil,BNC,14.00,0.02,No,14.00,0.02,798.33,VES,
2026-09-01,20:00,Egreso,Gastos premiadosVe,,Compras papelería para embalaje de kits ,BNC,1215.00,1.52,No,1215.00,1.52,798.33,VES,
2026-09-02,01:45,Egreso,Impuestos y Finanzas,Comisiones bancarias,Mantenimiento zinli,Zinli,,0.99,No,,0.99,801.18,USD,
2026-09-02,09:30,Egreso,Impuestos y Finanzas,Comisiones bancarias,Comisión compra Usdt,BNC,240.00,0.30,No,240.00,0.30,801.18,VES,
2026-09-02,13:38,Egreso,Gastos Apps Internacionales,Meta Ads,Meta ads,Zinli,,2.67,No,,2.67,801.18,USD,
2026-09-02,18:00,Egreso,Transporte,Taxis,Moto taxi honda ,BNC,300.00,0.37,No,300.00,0.37,801.18,VES,
2026-09-02,18:00,Egreso,Impuestos y Finanzas,Comisiones bancarias,Comisión por pago móvil,BNC,14.00,0.02,No,14.00,0.02,804.81,VES,
2026-09-02,19:37,Ingreso,Ventas,,Venta kit premiadosVe ,BNC,32070.00,40.03,No,32070.00,40.03,801.18,VES,
2026-09-03,05:00,Egreso,Alimentación,Delivery,Pago yummy entrega kits premiadosVe,BNC,1300.00,1.62,No,1300.00,1.62,804.81,VES,
2026-09-03,05:00,Egreso,Impuestos y Finanzas,Comisiones bancarias,Comisión por pago móvil,BNC,14.00,0.02,No,14.00,0.02,804.81,VES,
2026-09-03,09:29,Transferencia (salida),,,Salida desde BNC,BNC,80000.00,80.90,No,80000.00,80.90,988.90,VES,
2026-09-03,09:29,Egreso,Impuestos y Finanzas,Comisiones bancarias,Comisión por transferencia,Binance,,0.07,No,,0.07,988.90,USD,
2026-09-03,09:29,Transferencia (entrada),,,Entrada en Binance,Binance,,80.90,No,,80.90,988.90,USD,
2026-09-03,11:59,Egreso,Alimentación,Delivery,Yummy MRW,BNC,2000.00,2.49,No,2000.00,2.49,804.81,VES,
2026-09-03,11:59,Egreso,Impuestos y Finanzas,Comisiones bancarias,Comisión por pago móvil,BNC,14.00,0.02,No,14.00,0.02,804.81,VES,
2026-09-03,12:03,Ingreso,Préstamo recibido,,Moto,Efectivo,,55.00,No,,55.00,,USD,
2026-09-03,16:45,Ingreso,Ventas,,Venta Kit premiadosVe ,BNC,32192.40,40.00,No,32192.40,40.00,804.81,VES,
2026-09-03,19:30,Egreso,Casa,,Pago yummy Honda - Casa,BNC,2206.00,2.74,No,2206.00,2.74,804.81,VES,
2026-09-03,19:30,Egreso,Impuestos y Finanzas,Comisiones bancarias,Comisión por pago móvil,BNC,14.00,0.02,No,14.00,0.02,804.81,VES,
2026-09-04,08:38,Egreso,Pago de deuda,,Pago daños a moto de Chua,Efectivo,,50.00,No,,50.00,807.39,USD,
2026-09-04,10:30,Egreso,Gastos Anilet,,Recarga Anilet,BNC,500.00,0.62,No,500.00,0.62,807.39,VES,
2026-09-04,12:02,Ingreso,Préstamo recibido,,Moto,Binance,,194.00,No,,194.00,,USD,
2026-09-05,10:00,Egreso,Salud,Tratamientos,Compra de insumos médicos para curar de heridas en bodega Cote,BNC,2804.40,3.45,No,2804.40,3.45,813.74,VES,
2026-09-05,11:15,Egreso,Alimentación,Delivery,Pago yummy al canaima,BNC,4240.00,5.21,No,4240.00,5.21,813.74,VES,
2026-09-05,11:15,Egreso,Impuestos y Finanzas,Comisiones bancarias,Comisión por pago móvil,BNC,14.00,0.02,No,14.00,0.02,807.39,VES,
2026-09-05,12:05,Ingreso,Otros ingresos,,Binance Earn,Binance,,0.63,No,,0.63,813.74,USD,
2026-09-05,12:30,Egreso,Salud,Tratamientos,Compra insumos para cura de heridas farmacia Canaima,BNC,2450.00,3.01,No,2450.00,3.01,813.74,VES,
2026-09-05,12:35,Egreso,Salud,Tratamientos,Compra insumos para curar heridas ,BNC,1875.00,2.30,No,1875.00,2.30,813.74,VES,
2026-09-05,12:45,Egreso,Salud,Tratamientos,Compra insumos para curar heridas ,BNC,4150.00,5.10,No,4150.00,5.10,813.74,VES,
2026-09-05,14:20,Egreso,Casa,,Pago yummy Canaima - Casa,BNC,4606.00,5.66,No,4606.00,5.66,813.74,VES,
2026-09-05,14:20,Egreso,Impuestos y Finanzas,Comisiones bancarias,Comisión por pago móvil,BNC,14.00,0.02,No,14.00,0.02,813.74,VES,
2026-09-05,16:00,Egreso,Alimentación,Mercado,Pago arroz chino Casitas,BNC,8080.00,9.93,No,8080.00,9.93,813.74,VES,
2026-09-05,16:05,Egreso,Salud,Tratamientos,Compra vendas para tratamiento de heridas,BNC,2520.00,3.10,No,2520.00,3.10,813.74,VES,
2026-09-05,18:00,Egreso,Gastos Anilet,,Pago yummy Anilet ,BNC,3200.00,3.93,No,3200.00,3.93,813.74,VES,
2026-09-05,18:00,Egreso,Impuestos y Finanzas,Comisiones bancarias,Comisión por pago móvil,BNC,14.00,0.02,No,14.00,0.02,813.74,VES,
2026-09-06,08:25,Transferencia (salida),,,Salida desde Binance,Binance,,31.76,No,,31.76,944.44,USD,
2026-09-06,08:25,Egreso,Impuestos y Finanzas,Comisiones bancarias,Comisión por transferencia,Binance,,0.06,No,,0.06,944.44,USD,
2026-09-06,08:25,Transferencia (entrada),,,Entrada en BNC,BNC,30000.00,31.76,No,30000.00,31.76,944.44,VES,
2026-09-06,11:54,Egreso,Casa,Internet y Teléfono,Pago de internet,BNC,20343.50,25.00,No,20343.50,25.00,813.74,VES,
2026-09-07,07:25,Egreso,Préstamo otorgado,,Prestamo Francsico,BNC,1000.00,1.23,No,1000.00,1.23,813.74,VES,
2026-09-07,07:25,Egreso,Impuestos y Finanzas,Comisiones bancarias,Comisión por pago móvil,BNC,14.00,0.02,No,14.00,0.02,813.74,VES,
2026-09-07,13:39,Egreso,Impuestos y Finanzas,Comisiones bancarias,Rechazo zinli comisión ,Zinli,,0.39,No,,0.39,813.74,USD,
2026-09-07,18:30,Egreso,Alimentación,Mercado,Panes campesinos ,BNC,1100.00,1.35,No,1100.00,1.35,813.74,VES,
2026-09-07,20:36,Egreso,Préstamo otorgado,,Moto,Efectivo,,600.00,No,,600.00,,USD,
2026-09-08,08:00,Egreso,Casa,Internet y Teléfono,Recarga movistar ,BNC,800.00,0.98,No,800.00,0.98,814.69,VES,
2026-09-08,17:56,Egreso,Salud,Tratamientos,Insumos para curar heridas ,BNC,4044.20,4.96,No,4044.20,4.96,814.69,VES,
2026-09-08,17:56,Egreso,Salud,Tratamientos,Insumos para curar heridas ,BNC,1739.06,2.13,No,1739.06,2.13,814.69,VES,
2026-09-08,20:31,Egreso,Pago de deuda,,Moto. Francisco Cordova,Binance,,194.00,No,,194.00,814.69,USD,
2026-09-08,20:31,Egreso,Pago de deuda,,Moto. Francisco Cordova Cuota 1/2,Efectivo,,27.50,No,,27.50,814.69,USD,
2026-09-08,20:32,Egreso,Pago de deuda,,Moto. Francisco Cordova Cuota 2/2,Efectivo,,27.50,No,,27.50,814.69,USD,
2026-09-08,20:32,Egreso,Préstamo otorgado,,Moto,Binance,,406.00,No,,406.00,,USD,
2026-09-09,18:42,Egreso,Casa,Internet y Teléfono,Recarga Movistar ,BNC,800.00,0.98,No,800.00,0.98,820.10,VES,
2026-09-10,12:45,Egreso,Impuestos y Finanzas,Comisiones bancarias,Comision compra de $ efectivo,BNC,432.00,0.52,No,432.00,0.52,827.74,VES,
2026-09-10,16:48,Ingreso,Otros ingresos,,Devolución de pago del internet parcial,BNC,10000.00,12.08,No,10000.00,12.08,827.74,VES,
2026-09-10,18:20,Egreso,Alimentación,Mercado,Compras en Bodega Cote ,BNC,4648.00,5.62,No,4648.00,5.62,827.74,VES,
2026-09-10,18:41,Egreso,Salud,Farmacia,Pastillas Aflamax,BNC,1397.60,1.69,No,1397.60,1.69,827.74,VES,
2026-09-10,18:43,Ingreso,Salario,,Quincena Daka 1-9 a 15-9 2026,BNC,355719.68,429.75,No,355719.68,429.75,827.74,VES,
2026-09-10,18:44,Egreso,Alimentación,Snacks,Helados y papas ,BNC,2070.00,2.50,No,2070.00,2.50,827.74,VES,
2026-09-10,18:44,Egreso,Impuestos y Finanzas,Comisiones bancarias,Comisión por pago móvil,BNC,14.00,0.02,No,14.00,0.02,827.74,VES,
2026-09-10,18:47,Transferencia (salida),,,Salida desde BNC,BNC,144000.00,150.00,No,144000.00,150.00,960.00,VES,
2026-09-10,18:47,Transferencia (entrada),,,Entrada en Efectivo,Efectivo,,150.00,No,,150.00,960.00,USD,
2026-09-11,16:32,Egreso,CASHEA,,Pago cuota cashea Yummy ,BNC,4187.42,5.03,No,4187.42,5.03,832.49,VES,
2026-09-11,16:33,Egreso,CASHEA,,Pago cuota cashea Yummy,BNC,4162.44,5.00,No,4162.44,5.00,832.49,VES,
2026-09-11,16:39,Egreso,CASHEA,,Pago cuota cashea Cubbitt,BNC,12237.58,14.70,No,12237.58,14.70,832.49,VES,
2026-09-11,16:42,Egreso,CASHEA,,Pago cuota Cashea Salvador,BNC,31218.31,37.50,No,31218.31,37.50,832.49,VES,
2026-09-11,19:25,Egreso,Gastos Anilet,,Recarga Anilet ,BNC,500.00,0.60,No,500.00,0.60,832.49,VES,
2026-09-12,09:30,Transferencia (salida),,,Salida desde BNC,BNC,1500.00,1.78,No,1500.00,1.78,842.21,VES,
2026-09-12,09:30,Egreso,Impuestos y Finanzas,Comisiones bancarias,Comisión por transferencia,BNC,100.00,0.12,No,100.00,0.12,842.21,VES,
2026-09-12,09:30,Transferencia (entrada),,,Entrada en Efectivo,Efectivo,1500.00,1.78,No,1500.00,1.78,842.21,VES,
2026-09-12,11:31,Egreso,Casa,Internet y Teléfono,Recarga movistar,BNC,800.00,0.95,No,800.00,0.95,842.21,VES,
2026-09-12,11:32,Egreso,Alimentación,Delivery,Pago yummy Lara - MgHelmets,BNC,2200.00,2.61,No,2200.00,2.61,842.21,VES,
2026-09-12,11:32,Egreso,Impuestos y Finanzas,Comisiones bancarias,Comisión por pago móvil,BNC,14.00,0.02,No,14.00,0.02,842.21,VES,
2026-09-12,12:32,Egreso,Salud,Farmacia,Compra de solucion 09,BNC,1229.63,1.46,No,1229.63,1.46,842.21,VES,
2026-09-12,13:40,Egreso,Impuestos y Finanzas,Comisiones bancarias,Rechazo zinli comisión ,Zinli,,0.39,No,,0.39,842.21,USD,
2026-09-12,18:34,Egreso,Transporte,Transporte público,Pasajes del día sabado ,Efectivo,1600.00,1.90,No,1600.00,1.90,842.21,VES,
2026-09-13,11:29,Egreso,Salud,Farmacia,"Vendas, jabón de Anilet, piruetas. Farmatodo",BNC,7315.65,8.69,No,7315.65,8.69,842.21,VES,
2026-09-13,11:33,Egreso,Alimentación,Mercado,Mercado,BNC,96000.00,113.99,No,96000.00,113.99,842.21,VES,
2026-09-13,11:33,Egreso,Impuestos y Finanzas,Comisiones bancarias,Comisión por pago móvil,BNC,288.00,0.34,No,288.00,0.34,842.21,VES,
2026-09-13,12:00,Egreso,Alimentación,Delivery,Pago Donas David,BNC,7850.00,9.32,No,7850.00,9.32,842.21,VES,
2026-09-13,12:00,Egreso,Impuestos y Finanzas,Comisiones bancarias,Comisión por pago móvil,BNC,23.55,0.03,No,23.55,0.03,842.21,VES,
2026-09-13,12:14,Egreso,Vestimenta,Ropa,Pago cecilia pantalón ,BNC,6720.00,7.98,No,6720.00,7.98,842.21,VES,
2026-09-13,12:14,Egreso,Impuestos y Finanzas,Comisiones bancarias,Comisión por pago móvil,BNC,20.16,0.02,No,20.16,0.02,842.21,VES,
2026-09-13,13:00,Egreso,Alimentación,Mercado,Compras en bodega Cote ,BNC,3230.00,3.84,No,3230.00,3.84,842.21,VES,
2026-09-13,13:00,Transferencia (salida),,,Salida desde BNC,BNC,1500.00,1.77,No,1500.00,1.77,846.51,VES,
2026-09-13,13:00,Egreso,Impuestos y Finanzas,Comisiones bancarias,Comisión por transferencia,BNC,100.00,0.12,No,100.00,0.12,846.51,VES,
2026-09-13,13:00,Transferencia (entrada),,,Entrada en Efectivo,Efectivo,1500.00,1.77,No,1500.00,1.77,846.51,VES,
2026-09-13,13:45,Egreso,Casa,,Pago yummy Casa - Metropolis,BNC,2536.00,3.01,No,2536.00,3.01,842.21,VES,
2026-09-13,13:45,Egreso,Impuestos y Finanzas,Comisiones bancarias,Comisión por pago móvil,BNC,14.00,0.02,No,14.00,0.02,842.21,VES,
2026-09-13,16:00,Egreso,Alimentación,Comer fuera,Hamburguesas bulls burger,BNC,10948.73,13.00,No,10948.73,13.00,842.21,VES,
2026-09-13,16:30,Egreso,Vestimenta,Ropa,Sueter gris Metropolis,BNC,9777.92,11.61,No,9777.92,11.61,842.21,VES,
2026-09-13,16:45,Egreso,Alimentación,Snacks,Helados mc donalds ,BNC,1664.98,1.98,No,1664.98,1.98,842.21,VES,
2026-09-13,18:34,Egreso,Vestimenta,Ropa,Compra Ropa en Traki (Inicial Cashea),BNC,2779.26,3.30,No,2779.26,3.30,842.21,VES,
2026-09-13,18:41,Ingreso,Ventas,,Venta de kits premiadosVe,BNC,33300.00,39.54,No,33300.00,39.54,842.21,VES,
2026-09-13,19:30,Egreso,Alimentación,Delivery,"Yummy Metropolis, Casa Anilet - Casa",BNC,3810.00,4.52,No,3810.00,4.52,842.21,VES,
2026-09-13,19:30,Egreso,Impuestos y Finanzas,Comisiones bancarias,Comisión por pago móvil,BNC,14.00,0.02,No,14.00,0.02,842.21,VES,
2026-09-14,07:32,Egreso,Gastos Anilet,,Recarga Anilet,BNC,1000.00,1.19,No,1000.00,1.19,842.21,VES,
2026-09-14,10:15,Egreso,Alimentación,Delivery,Yumy Daka - Parral entrega de kit premiados Ve,BNC,2696.00,3.20,No,2696.00,3.20,842.21,VES,
2026-09-14,10:15,Egreso,Impuestos y Finanzas,Comisiones bancarias,Comisión por pago móvil,BNC,14.00,0.02,No,14.00,0.02,842.21,VES,
2026-09-14,13:30,Egreso,CASHEA,,Pago Inicial compra en Miniso,BNC,3587.81,4.26,No,3587.81,4.26,842.21,VES,
2026-09-15,11:00,Egreso,,,Eco mamá,BNC,10000.00,11.87,No,10000.00,11.87,842.21,VES,
2026-09-15,11:00,Egreso,Impuestos y Finanzas,Comisiones bancarias,Comisión por pago móvil,BNC,30.00,0.04,No,30.00,0.04,842.21,VES,
2026-09-15,17:25,Egreso,Casa,Internet y Teléfono,Recarga Movistar ,BNC,800.00,0.95,No,800.00,0.95,842.21,VES,
2026-09-15,18:25,Egreso,Alimentación,Delivery,"Pago yummy Campo solo PremiadosVe, entrega de Kit",BNC,1922.00,2.28,No,1922.00,2.28,842.21,VES,
2026-09-15,18:25,Egreso,Impuestos y Finanzas,Comisiones bancarias,Comisión por pago móvil,BNC,14.00,0.02,No,14.00,0.02,842.21,VES,
2026-09-15,18:30,Ingreso,Ventas,,Venta Kits premiadosVe ,BNC,33689.00,40.00,No,33689.00,40.00,842.21,VES,
2026-09-15,19:00,Egreso,Casa,,Yummy Firestone - Casa ,BNC,2022.00,2.40,No,2022.00,2.40,842.21,VES,
2026-09-15,19:00,Egreso,Impuestos y Finanzas,Comisiones bancarias,Comisión por pago móvil,BNC,14.00,0.02,No,14.00,0.02,842.21,VES,
2026-09-17,07:22,Transferencia (salida),,,Salida desde BNC,BNC,28500.00,30.00,No,28500.00,30.00,950.00,VES,
2026-09-17,07:22,Transferencia (entrada),,,Entrada en Efectivo,Efectivo,,30.00,No,,30.00,950.00,USD,
2026-09-17,07:23,Egreso,Impuestos y Finanzas,Comisiones bancarias,Comisión por compra de Efectivo ,BNC,85.50,0.10,No,85.50,0.10,847.44,VES,
2026-09-17,11:10,Egreso,Casa,Internet y Teléfono,Recarga movistar ,BNC,800.00,0.94,No,800.00,0.94,847.44,VES,
2026-09-17,14:18,Ingreso,Cuentas x Cobrar,,Cuota por cobrar Francisco Moto - 1era Cuota,Binance,,40.00,No,,40.00,847.44,USD,
2026-09-18,13:40,Egreso,Impuestos y Finanzas,Comisiones bancarias,Rechazo zinli comisión ,Zinli,,0.39,No,,0.39,848.55,USD,
2026-09-18,18:06,Egreso,Alimentación,Mercado,Panes campesinos ,BNC,1300.00,1.53,No,1300.00,1.53,848.55,VES,
2026-09-20,06:30,Egreso,Transporte,Taxis,Yummy Santa Rosa Ahorcado ,BNC,2610.00,3.07,No,2610.00,3.07,849.56,VES,
2026-09-20,06:30,Egreso,Impuestos y Finanzas,Comisiones bancarias,Comisión por pago móvil,BNC,14.00,0.02,No,14.00,0.02,849.56,VES,
2026-09-20,08:30,Egreso,Alimentación,Panes y Postres,Panes campesinos Honda,BNC,1699.12,2.00,No,1699.12,2.00,849.56,VES,
2026-09-20,08:37,Egreso,Transporte,Transporte público,Pasaje,Efectivo,200.00,0.24,No,200.00,0.24,849.56,VES,
2026-09-20,08:41,Egreso,Transporte,Taxis,Moto taxi honda,BNC,400.00,0.47,No,400.00,0.47,849.56,VES,
2026-09-20,08:41,Egreso,Impuestos y Finanzas,Comisiones bancarias,Comisión por pago móvil,BNC,14.00,0.02,No,14.00,0.02,849.56,VES,
2026-09-20,10:50,Egreso,Transporte,Taxis,Pago taxi Rescatar a Macarena,BNC,1800.00,2.12,No,1800.00,2.12,849.56,VES,
2026-09-20,10:50,Egreso,Impuestos y Finanzas,Comisiones bancarias,Comisión por pago móvil,BNC,14.00,0.02,No,14.00,0.02,849.56,VES,
2026-09-20,10:50,Egreso,Impuestos y Finanzas,Comisiones bancarias,Comision por error,BNC,14.00,0.02,No,14.00,0.02,849.56,VES,
2026-09-20,11:45,Egreso,Transporte,Taxis,Pago taxi tocuyito - honda,BNC,2000.00,2.35,No,2000.00,2.35,849.56,VES,
2026-09-20,11:45,Egreso,Impuestos y Finanzas,Comisiones bancarias,Comisión por pago móvil,BNC,14.00,0.02,No,14.00,0.02,849.56,VES,
2026-09-20,11:55,Egreso,Casa,Internet y Teléfono,Recarga movistar ,BNC,800.00,0.94,No,800.00,0.94,849.56,VES,
2026-09-20,13:35,Egreso,Transporte,Taxis,Yummy  Honda - Centro,BNC,2865.00,3.37,No,2865.00,3.37,849.56,VES,
2026-09-20,13:35,Egreso,Impuestos y Finanzas,Comisiones bancarias,Comisión por pago móvil,BNC,14.00,0.02,No,14.00,0.02,849.56,VES,
2026-09-20,13:40,Egreso,Hotel,,Hotel Cantaura,BNC,11760.00,13.84,No,11760.00,13.84,849.56,VES,
2026-09-20,19:15,Egreso,Comida rapida,,Perros donde Juan ,BNC,12667.66,14.91,No,12667.66,14.91,849.56,VES,
2026-09-20,19:15,Egreso,Impuestos y Finanzas,Comisiones bancarias,Comisión por pago móvil,BNC,38.00,0.04,No,38.00,0.04,849.56,VES,
2026-09-20,19:30,Egreso,Transporte,Taxis,Yummy Caobos - Anilet - Casa,BNC,1954.00,2.30,No,1954.00,2.30,849.56,VES,
2026-09-20,19:30,Egreso,Impuestos y Finanzas,Comisiones bancarias,Comisión por pago móvil,BNC,14.00,0.02,No,14.00,0.02,849.56,VES,
2026-09-21,08:00,Egreso,Casa,Internet y Teléfono,Pago de plan Movistar ,BNC,5500.00,6.47,No,5500.00,6.47,849.56,VES,
2026-09-21,21:24,Transferencia (salida),,,Salida desde Binance,Binance,,42.51,No,,42.51,941.00,USD,
2026-09-21,21:24,Egreso,Impuestos y Finanzas,Comisiones bancarias,Comisión por transferencia,Binance,,0.05,No,,0.05,941.00,USD,
2026-09-21,21:24,Transferencia (entrada),,,Entrada en BNC,BNC,40000.00,42.51,No,40000.00,42.51,941.00,VES,
2026-09-21,21:39,Ingreso,Cuentas x Cobrar,,Cuenta por cobrar Moto - 2da cuota,Binance,,50.00,No,,50.00,849.56,USD,
2026-09-21,21:39,Ingreso,Cuentas x Cobrar,,Cuenta por coborar Moto - 1era cuota,Efectivo,,10.00,No,,10.00,849.56,USD,
2026-09-22,09:18,Transferencia (salida),,,Salida desde Binance,Binance,,20.06,No,,20.06,947.30,USD,
2026-09-22,09:18,Egreso,Impuestos y Finanzas,Comisiones bancarias,Comisión por transferencia,Binance,,0.05,No,,0.05,947.30,USD,
2026-09-22,09:18,Transferencia (entrada),,,Entrada en BNC,BNC,19000.00,20.06,No,19000.00,20.06,947.30,VES,
2026-09-22,09:30,Egreso,Mascotas,Veterinario,Consulta veterinaria de Bruno,BNC,14700.00,17.25,No,14700.00,17.25,852.42,VES,
2026-09-22,09:30,Egreso,Impuestos y Finanzas,Comisiones bancarias,Comisión por pago móvil,BNC,44.10,0.05,No,44.10,0.05,852.42,VES,
2026-09-22,09:35,Egreso,Mascotas,Veterinario,Pago adicional veterinario y medicamentos ,BNC,2000.00,2.35,No,2000.00,2.35,852.42,VES,
2026-09-22,09:35,Egreso,Impuestos y Finanzas,Comisiones bancarias,Comisión por pago móvil,BNC,14.00,0.02,No,14.00,0.02,852.42,VES,
2026-09-22,18:30,Egreso,Alimentación,Panes y Postres,Panes campesinos ,BNC,1100.00,1.29,No,1100.00,1.29,852.42,VES,
2026-09-23,18:30,Egreso,Casa,Productos de Limpieza,Compra de Jabón en polvo,BNC,630.00,0.74,No,630.00,0.74,853.50,VES,
2026-09-24,07:30,Egreso,Transporte,Taxis,Yummy Casa - Daka,BNC,4010.00,4.69,No,4010.00,4.69,854.46,VES,
2026-09-24,07:30,Egreso,Impuestos y Finanzas,Comisiones bancarias,Comisión por pago móvil,BNC,14.00,0.02,No,14.00,0.02,854.46,VES,
2026-09-24,13:41,Egreso,Impuestos y Finanzas,Comisiones bancarias,Rechazo zinli comisión ,Zinli,,0.39,No,,0.39,854.46,USD,
2026-09-26,12:08,Transferencia (salida),,,Salida desde Binance,Binance,,52.08,No,,52.08,960.05,USD,
2026-09-26,12:08,Egreso,Impuestos y Finanzas,Comisiones bancarias,Comisión por transferencia,Binance,,0.06,No,,0.06,960.05,USD,
2026-09-26,12:08,Transferencia (entrada),,,Entrada en BNC,BNC,50000.00,52.08,No,50000.00,52.08,960.05,VES,
2026-09-26,12:23,Egreso,CASHEA,,Pago Cashea yummy,BNC,3359.46,3.92,No,3359.46,3.92,857.01,VES,
2026-09-26,12:24,Egreso,CASHEA,,Pago Cashea bulls burger,BNC,2571.02,3.00,No,2571.02,3.00,857.01,VES,
2026-09-26,12:24,Egreso,CASHEA,,Pago cashea Yummy,BNC,3865.10,4.51,No,3865.10,4.51,857.01,VES,
2026-09-26,12:25,Egreso,CASHEA,,Pago Cashea Yummy,BNC,5819.07,6.79,No,5819.07,6.79,857.01,VES,
2026-09-26,12:25,Egreso,CASHEA,,Pago Cuota Cashea Traki,BNC,8484.36,9.90,No,8484.36,9.90,857.01,VES,
2026-09-26,12:25,Egreso,CASHEA,,Pago cuota Cashea miniso,BNC,10935.39,12.76,No,10935.39,12.76,857.01,VES,
2026-09-26,12:26,Egreso,CASHEA,,Pago Cashea Yummy,BNC,3085.22,3.60,No,3085.22,3.60,857.01,VES,
2026-09-26,13:46,Egreso,Gastos Apps Internacionales,Meta Ads,Meta Ads,Binance,,20.15,No,,20.15,857.01,USD,
2026-09-26,13:48,Ingreso,Otros ingresos,,Binance Earn,Binance,,0.42,No,,0.42,857.01,USD,

Total ingresos,702.45
Total egresos,579.35
Balance,123.10