Scenario,Dominio,Categoria,Subcategoria,RuleType,Value,MinValue,Editable
REALISTIC,PERSONAL,Deuda / CASHEA,Cuota existente,KEEP_CURRENT,0.00,0.00,0
REALISTIC,PERSONAL,Deuda / CASHEA,Ropa,KEEP_CURRENT,0.00,0.00,0
REALISTIC,PERSONAL,Salud,*,FIXED,25.00,25.00,0
REALISTIC,PERSONAL,Alimentación,Mercado,FIXED,230.00,200.00,0
REALISTIC,PERSONAL,Alimentación,Comer fuera,FIXED,25.00,15.00,0
REALISTIC,PERSONAL,Alimentación,Panes y Postres,FIXED,10.00,5.00,0
REALISTIC,PERSONAL,Alimentación,Café y Bebidas,FIXED,10.00,5.00,0
REALISTIC,PERSONAL,Alimentación,Delivery,FIXED,10.00,5.00,0
REALISTIC,PERSONAL,Alimentación,Snacks,FIXED,5.00,2.00,0
REALISTIC,PERSONAL,Casa,Internet y Teléfono,FIXED,25.00,20.00,0
REALISTIC,PERSONAL,Casa,Casa,KEEP_CURRENT,0.00,0.00,0
REALISTIC,PERSONAL,Transporte,Taxis,FIXED,35.00,20.00,0
REALISTIC,PERSONAL,Transporte,Transporte público,FIXED,5.00,2.00,0
REALISTIC,PERSONAL,Movilidad,*,KEEP_CURRENT,0.00,0.00,0
REALISTIC,PERSONAL,Trabajo / Trámites,*,FIXED,15.00,10.00,0
REALISTIC,PERSONAL,Entretenimiento,Suscripciones,FIXED,26.00,20.00,0
REALISTIC,PERSONAL,Entretenimiento,Cine,FIXED,10.00,5.00,0
REALISTIC,PERSONAL,Entretenimiento,Eventos y Salidas,FIXED,5.00,0.00,0
REALISTIC,PERSONAL,Impuestos y Finanzas,Comisiones bancarias,FIXED,7.50,4.00,0
REALISTIC,PERSONAL,Gastos Mayores,Tecnología,FIXED,5.00,0.00,0
REALISTIC,PERSONAL,Gastos Anilet,Gastos Anilet,FIXED,22.00,10.00,0
REALISTIC,PERSONAL,Gastos Anilet,Ropa,FIXED,12.00,5.00,0
REALISTIC,PERSONAL,Gastos Anilet,Recargas,FIXED,2.00,1.00,0
REALISTIC,PERSONAL,Bienestar,Peluquería,FIXED,11.00,0.00,0
REALISTIC,PERSONAL,Vestimenta,Bolsos,FIXED,5.00,0.00,0
REALISTIC,PERSONAL,Vestimenta,Ropa,KEEP_CURRENT,0.00,0.00,0
REALISTIC,PERSONAL,Apuestas,Apuestas,FIXED,3.00,0.00,0
REALISTIC,PERSONAL,Gastos de Trabajo,*,KEEP_CURRENT,0.00,0.00,0
REALISTIC,PERSONAL,Hotel,*,FIXED,0.00,0.00,0
REALISTIC,PERSONAL,Moto,*,USER_REQUIRED,0.00,0.00,1
AGGRESSIVE,PERSONAL,Deuda / CASHEA,Cuota existente,KEEP_CURRENT,0.00,0.00,0
AGGRESSIVE,PERSONAL,Deuda / CASHEA,Ropa,KEEP_CURRENT,0.00,0.00,0
AGGRESSIVE,PERSONAL,Salud,*,FIXED,25.00,25.00,0
AGGRESSIVE,PERSONAL,Alimentación,Mercado,FIXED,230.00,200.00,0
AGGRESSIVE,PERSONAL,Alimentación,Comer fuera,FIXED,15.00,10.00,0
AGGRESSIVE,PERSONAL,Alimentación,Panes y Postres,FIXED,5.00,2.00,0
AGGRESSIVE,PERSONAL,Alimentación,Café y Bebidas,FIXED,5.00,2.00,0
AGGRESSIVE,PERSONAL,Alimentación,Delivery,FIXED,5.00,2.00,0
AGGRESSIVE,PERSONAL,Alimentación,Snacks,FIXED,3.00,1.00,0
AGGRESSIVE,PERSONAL,Casa,Internet y Teléfono,FIXED,25.00,20.00,0
AGGRESSIVE,PERSONAL,Casa,Casa,KEEP_CURRENT,0.00,0.00,0
AGGRESSIVE,PERSONAL,Transporte,Taxis,FIXED,20.00,10.00,0
AGGRESSIVE,PERSONAL,Transporte,Transporte público,FIXED,5.00,2.00,0
AGGRESSIVE,PERSONAL,Movilidad,*,KEEP_CURRENT,0.00,0.00,0
AGGRESSIVE,PERSONAL,Trabajo / Trámites,*,FIXED,10.00,5.00,0
AGGRESSIVE,PERSONAL,Entretenimiento,Suscripciones,FIXED,20.00,15.00,0
AGGRESSIVE,PERSONAL,Entretenimiento,Cine,FIXED,5.00,0.00,0
AGGRESSIVE,PERSONAL,Impuestos y Finanzas,Comisiones bancarias,FIXED,4.00,2.00,0
AGGRESSIVE,PERSONAL,Gastos Mayores,Tecnología,FIXED,0.00,0.00,0
AGGRESSIVE,PERSONAL,Gastos Anilet,Gastos Anilet,FIXED,15.00,5.00,0
AGGRESSIVE,PERSONAL,Gastos Anilet,Ropa,FIXED,5.00,0.00,0
AGGRESSIVE,PERSONAL,Gastos Anilet,Recargas,FIXED,2.00,1.00,0
AGGRESSIVE,PERSONAL,Bienestar,Peluquería,FIXED,0.00,0.00,0
AGGRESSIVE,PERSONAL,Vestimenta,Bolsos,FIXED,0.00,0.00,0
AGGRESSIVE,PERSONAL,Vestimenta,Ropa,FIXED,0.00,0.00,0
AGGRESSIVE,PERSONAL,Apuestas,Apuestas,FIXED,0.00,0.00,0
AGGRESSIVE,PERSONAL,Gastos de Trabajo,*,KEEP_CURRENT,0.00,0.00,0
AGGRESSIVE,PERSONAL,Hotel,*,FIXED,0.00,0.00,0
AGGRESSIVE,PERSONAL,Moto,*,USER_REQUIRED,0.00,0.00,1
